Titre,Lien
,https://emploi.educarriere.ci/offre-127660-chauffeur-professionnel.html
,https://emploi.educarriere.ci/offre-127659-key-account-manager-mali-burkina-ghana-cote-d-ivoire-based-in-ivory-coast.html
,https://emploi.educarriere.ci/offre-127658-gestionnaire-de-force-de-vente-representant.html
,https://emploi.educarriere.ci/offre-127657-wa-administrative-manager.html
,https://emploi.educarriere.ci/offre-127656-assistante-de-direction.html
,https://emploi.educarriere.ci/offre-127655-commercial.html
,https://emploi.educarriere.ci/offre-127654-commercial.html
,https://emploi.educarriere.ci/offre-127653-coursier.html
,https://emploi.educarriere.ci/offre-127652-commerciaux.html
,https://emploi.educarriere.ci/offre-127651-assistant-e-executif-ve.html
,https://emploi.educarriere.ci/offre-127650-stagiaire-commerciale.html
,https://emploi.educarriere.ci/offre-127649-technicien-genie-civil.html
,https://emploi.educarriere.ci/offre-127648-cadreur-monteur-video.html
,https://emploi.educarriere.ci/offre-127647-conseiller-clientele-assurance-banque.html
,https://emploi.educarriere.ci/offre-127646-responsable-informatique.html
,https://emploi.educarriere.ci/offre-127645-ingenieur-en-maintenance-electronique-ou-equivalent.html
,https://emploi.educarriere.ci/offre-127644-chef-projet.html
,https://emploi.educarriere.ci/offre-127643-stage-de-perfectionnement-informaticien-infographe-developpeur-d-applications.html
,https://emploi.educarriere.ci/offre-127642-directeur-des-operations-en-afrique-representant-1.html
,https://emploi.educarriere.ci/offre-127641-agent-de-service-clientele.html
,https://emploi.educarriere.ci/offre-127640-charge-de-clientele-moyens-grands-comptes-1.html
,https://emploi.educarriere.ci/offre-127639-assistant-hygiene-sante-securite-environnement.html
,https://emploi.educarriere.ci/offre-127638-stage-de-perfectionnement-secretaire-de-direction.html
,https://emploi.educarriere.ci/offre-127637-consultant-national-pour-analyse-de-chaines-de-valeurs.html
,https://emploi.educarriere.ci/offre-127636-call-allemand.html
,https://emploi.educarriere.ci/offre-127635-comptable-experimente-role-hybride-h-f-gestion-multisocietes-france-international.html
,https://emploi.educarriere.ci/offre-127634-teleconseiller.html
,https://emploi.educarriere.ci/offre-127633-community-manager.html
appel d'offres pour la rehabilitation d'un amenagement agropastoral a ...,https://www.educarriere.ci/ao-1232-appel-d-offres-pour-la-rehabilitation-d-un-amenagement-agropastoral-a-samidana-dans-la-sous-prefecture-de-tehini-departement-de-tehini-region-du-bouka.html
avis d'appel d'offres pour la préqualification de fournisseurs dans l...,https://www.educarriere.ci/ao-1231-avis-d-appel-d-offres-pour-la-prequalification-de-fournisseurs-dans-la-categorie-forages-d-eau.html
appel à manifestation d'intérêt pour le recrutement d'un commissair...,https://www.educarriere.ci/ao-1230-appel-a-manifestation-d-interet-pour-le-recrutement-d-un-commissaire-au-compte-sycebnl-fhi360.html
appel à manifestation d'intérêt pour le recrutement d'un cabinet po...,https://www.educarriere.ci/ao-1229-appel-a-manifestation-d-interet-pour-le-recrutement-d-un-cabinet-pour-la-codification-comptable-conformement-aux-exigences-du-sycebnl.html
avis d'appel d'offres - fourniture et distribution d'equipements de bi...,https://www.educarriere.ci/ao-1228-avis-d-appel-d-offres-fourniture-et-distribution-d-equipements-de-biosecurite.html
,https://emploi.educarriere.ci/offre-127632-stage-de-perfectionnement-technicien-en-batiment.html
,https://emploi.educarriere.ci/offre-127631-serveur.html
,https://emploi.educarriere.ci/offre-127630-comptable.html
,https://emploi.educarriere.ci/offre-127629-agent-transit.html
,https://emploi.educarriere.ci/offre-127628-emballeur-de-valise-et-de-colis-aerportuaire.html
,https://emploi.educarriere.ci/offre-127627-assistant-meal-monitoring-evaluation-accountability-and-learning.html
,https://emploi.educarriere.ci/offre-127626-controleur-magasinier.html
,https://emploi.educarriere.ci/offre-127625-televendeur-teleconseiller-banque.html
,https://emploi.educarriere.ci/offre-127624-besoin-d-un-technicien-superieur-en-mine-et-geologie.html
,https://emploi.educarriere.ci/offre-127623-juriste-credit-immobilier-et-garantie.html
,https://emploi.educarriere.ci/offre-127622-assistant-commercial-et-marketing.html
,https://emploi.educarriere.ci/offre-127621-chef-de-cuisine.html
,https://emploi.educarriere.ci/offre-127620-tele-vendeur-vendeuse.html
,https://emploi.educarriere.ci/offre-127619-chauffeur.html
,https://emploi.educarriere.ci/offre-127618-apporteur-d-affaire-restaurant.html
,https://emploi.educarriere.ci/offre-127617-manager-de-restaurant.html
,https://emploi.educarriere.ci/offre-127616-insights-senior-analyst-h-f.html
,https://emploi.educarriere.ci/offre-127615-commercial.html
,https://emploi.educarriere.ci/offre-127613-cuisinieres-et-aide-cuisinieres-pour-restaurant.html
,https://emploi.educarriere.ci/offre-127612-livreur-a-moto.html
,https://emploi.educarriere.ci/offre-127611-encadreur-en-francais-anglais.html
,https://emploi.educarriere.ci/offre-127610-conseiller-en-responsabilite-societale-des-entreprises-et-communication-1.html
,https://emploi.educarriere.ci/offre-127609-conseiller-ere-en-developpement-durable-cote-d-ivoire.html
,https://emploi.educarriere.ci/offre-127608-partenaire-d-entreprise-financiere.html
,https://emploi.educarriere.ci/offre-127607-stagiaire-en-analyse-de-donnees-et-d-informations-financieres.html
,https://emploi.educarriere.ci/offre-127606-commerciaux-reseau-de-distribution.html
,https://emploi.educarriere.ci/offre-127605-commerciaux-entreprise.html
,https://emploi.educarriere.ci/offre-127604-assistante-paie-h-f.html
appel d'offres pour la rehabilitation d'un amenagement agropastoral a ...,https://www.educarriere.ci/ao-1232-appel-d-offres-pour-la-rehabilitation-d-un-amenagement-agropastoral-a-samidana-dans-la-sous-prefecture-de-tehini-departement-de-tehini-region-du-bouka.html
avis d'appel d'offres pour la préqualification de fournisseurs dans l...,https://www.educarriere.ci/ao-1231-avis-d-appel-d-offres-pour-la-prequalification-de-fournisseurs-dans-la-categorie-forages-d-eau.html
appel à manifestation d'intérêt pour le recrutement d'un commissair...,https://www.educarriere.ci/ao-1230-appel-a-manifestation-d-interet-pour-le-recrutement-d-un-commissaire-au-compte-sycebnl-fhi360.html
appel à manifestation d'intérêt pour le recrutement d'un cabinet po...,https://www.educarriere.ci/ao-1229-appel-a-manifestation-d-interet-pour-le-recrutement-d-un-cabinet-pour-la-codification-comptable-conformement-aux-exigences-du-sycebnl.html
avis d'appel d'offres - fourniture et distribution d'equipements de bi...,https://www.educarriere.ci/ao-1228-avis-d-appel-d-offres-fourniture-et-distribution-d-equipements-de-biosecurite.html
