Titre,Entreprise,Description,Niveau d'étude,Expérience,Contrat,Lieu,Compétences,Lien
Stagiaire en Réseau Informatiques et Télécommunications - Abidjan,HTS AFRICA,Nous sommes a la recherche d'un Stagiaire en Réseau Informatiques et Télécommunications ou équivalent.,Non spécifié,Non spécifié,Stage,Abidjan,Non spécifié,https://www.emploi.ci/offre-emploi-cote-ivoire/stagiaire-reseau-informatiques-telecommunications-abidjan-1527204
Commercial - Abidjan,BUTTERFLY CORPORATE,"Nous sommes à la recherche des Commerciaux. Missions : En tant que commercial(e), vous serez responsable de : Développer et fidéliser un portefeuille clients. Identifier de nouvelles opportunités commerciales. Négocier des contrats et des accords avec les clients. Assurer un suivi régulier et maintenir une relation de confiance avec les clients.",Non spécifié,Non spécifié,CDI & CDD,Abidjan,Communication de Produit - Négociation - Négociation Commerciale - Vente,https://www.emploi.ci/offre-emploi-cote-ivoire/commercial-abidjan-1526731
Assistante de Direction - Yopougon,SOLEN GROUPE,"Dans le cadre du développement de son activité Télécoms SOLEN Groupe est à la recherche d'une Assistante de Direction jeune, flexible, motivée et dynamique. Mission principale : Assister le Directeur des Opérations Télécom dans la gestion quotidienne de ses activités, assurer la coordination des communications internes et externes, et organiser efficacement les agendas et les dossiers administratifs. Responsabilités : Gestion administrative : Préparer et suivre les documents administratifs et dossiers du Directeur des Opérations Télécom. Rédiger des comptes rendus, courriers et autres correspondances. Organisation et coordination : Gérer l’agenda du Directeur des Opérations Télécom et planifier...",Non spécifié,Non spécifié,CDI & CDD,Abidjan,Archivage - Assistanat - Bureautique - Communication - Communication Écrite - Documentation - Documents Administratifs - Dossiers - Dossiers Administratifs - Gestion Administrative - Organisation de Réunions - POWERPOINT - Secrétariat - Secrétariat Bureautique - Support - WORD,https://www.emploi.ci/offre-emploi-cote-ivoire/assistante-direction-yopougon-1524555
Technicien(ne) en Sécurité Electronique - Abidjan,LABEL RETAIL,"Nous recrutons un(e) Technicien(ne) en Sécurité Électronique pour installer, entretenir et réparer des équipements de sécurité électronique. Vous jouerez un rôle important dans la satisfaction des clients et le bon déroulement des opérations. Responsabilités : Installer des systèmes de sécurité électronique (vidéosurveillance, alarmes, contrôle d'accès, clôtures électriques, etc.). Diagnostiquer et résoudre les pannes. Réaliser la maintenance des équipements. Monter et assembler les systèmes. Rédiger des rapports d’intervention. Effectuer des déplacements réguliers en moto.",Non spécifié,Non spécifié,CDD,Abidjan,Électronique - Maintenance - Production - Qualité - Sécurité Électronique,https://www.emploi.ci/offre-emploi-cote-ivoire/technicienne-securite-electronique-abidjan-1523778
Chargé des Affaires H/F - Abidjan,SILOTEC CI,"Dans le cadre de son développement, la société SILOTEC COTE D’IVOIRE (Opérateur agrée par le ministère des transports pour la délivrance des contrôles techniques automobiles) , entend renforcer son équipe et dynamiser sa force de vente. Ainsi, pour anticiper ses futurs besoins en recrutement , l'entreprise est à la recherche des Chargés des Affaires H/F talentueux, dynamiques et ambitieux pour occuper les postes clés  au sein de son entreprise Ces opportunités s'adressent à des personnes passionnées par le challenge commercial, désireuses de contribuer activement à la croissance de l'entreprise et prêtes à évoluer dans un environnement stimulant, où l'innovation et la performance sont au...",Non spécifié,Non spécifié,CDI,Abidjan,Business Unit Management - Communication - Marketing - Marketing des Ventes - Négociation - Négociation Commerciale - Relations Publiques - Techniques de Vente - Vente,https://www.emploi.ci/offre-emploi-cote-ivoire/charge-affaires-hf-abidjan-1522272
Commercial - Abidjan,EMPREINTE INNOVATION GROUPE,Nous sommes à la recherche des  Commerciaux.,Non spécifié,Non spécifié,"CDI, CDD & Freelance",Abidjan,Actions Commerciales - Communication - Comptabilité - Marketing - Vente,https://www.emploi.ci/offre-emploi-cote-ivoire/commercial-abidjan-1522807
Agent Commercial - Abidjan,SONALO,"Métier : Commerce / Vente / Marketing Management Niveau : BTS / DUT Expérience: 1 an minimum Condition de Rémunération: 160 000 F Type de contrat:   CDD Lieu: Abidjan – Cocody Palmeraie Horaires : 8h00-12h00 et 13h30-17h00 du lundi au vendredi et 08h00-12h00 samedi. Date de Publication :   27/12/2024 Délai : 15/01/2025 Nous recrutons un(e) Commercial(e) dynamique pour rejoindre notre équipe dans le secteur de l’immobilier, de la vente, construction, lotissement, décoration d’Intérieur, etc……. Vos principales missions: Prospecter et fidéliser une clientèle variée et vendre les produits ou services Réaliser des démonstrations et...",Non spécifié,Non spécifié,CDD,Abidjan,Devis - Négociation - Vente,https://www.emploi.ci/offre-emploi-cote-ivoire/agent-commercial-abidjan-1521198
Directeur Ressources Humaines - Abidjan,GKP IMMOBILIER,Nous sommes à la recherche d'un  Directeur Ressources Humaines pour notre société GKP IMMOBILIER.,Non spécifié,Non spécifié,CDD,Abidjan,Formation - Gestion - Gestion des Ressources Humaines - Management - Promotion Immobilière - Saisie Informatique - Système d'Information de Gestion des Ressources Humaines - Vente,https://www.emploi.ci/offre-emploi-cote-ivoire/directeur-ressources-humaines-abidjan-1520533
Chargé des Imports - Abidjan,SIMAM COTE D'IVOIRE,"Sous l’autorité du Directeur des Opérations et Achats le/la titulaire du poste aura pour mission de coordonner toutes les importations nécessaires au fonctionnement de l’entreprise. A ce titre, il/elle sera chargé (e) de : Gérer les appels d’offre pour prestation transit et transport sur import ; Effectuer le suivi effectif du processus import ; Évaluer les fournisseurs ; Produire des reporting d’activités.",Non spécifié,Non spécifié,CDI,Abidjan,Achats - Gestion des Achats - Import - Transit - Transport - Vente,https://www.emploi.ci/offre-emploi-cote-ivoire/charge-imports-abidjan-1505589
Assistant Juridique - Abidjan,SIMAM COTE D'IVOIRE,"Nous sommes à la recherche d'un  Assistant Juridique. Sous l’autorité de la Juriste le/la titulaire du poste aura pour mission de d’assister la juriste dans ses diligences quotidiennes. A ce titre, il/elle sera chargé (e) de : Participer à la veille juridique et règlementaire ; rédiger les courriers ; Faire la revue des contrats ; Prendre des notes et rédiger les comptes-rendus lors des réunions Conseiller et assister les directions en matière juridique ; Alerte les directions sur les risques juridiques liés à l'exercice de leurs activités et les orienter ; Établir un reporting mensuel de ses activités.",Non spécifié,Non spécifié,CDD,Abidjan,Droit - Risques Juridiques,https://www.emploi.ci/offre-emploi-cote-ivoire/assistant-juridique-abidjan-1509291
Soudeur - Abidjan,SIMAM COTE D'IVOIRE,"Nous sommes à la recherche d'un  Soudeur. Sous l’autorité du Responsable Gestion des Stocks, le/la titulaire du poste aura pour mission de concevoir des structures métalliques (palettes, accessoires de palettes et autres). A ce titre, il/elle sera chargé (e) de : Préparer son environnement de travail en suivant les consignes de sécurité préétablies ; Assembler les pièces par les procédés de soudure en respectant les consignes de sécurité ; Réparer les palettes, accessoires de palettes et autres matériels endommagés ; Traiter les palettes HS du centre remplisseur suivants les objectifs définis électriques ; Vérifier et contrôler la conformité de la soudure réalisée en respectant les cahiers de charge ;...",Non spécifié,Non spécifié,CDI,Abidjan,Chaudronnerie - Chaudronnerie Métallique - Maintenance - Sécurité,https://www.emploi.ci/offre-emploi-cote-ivoire/soudeur-abidjan-1521623
Stagiaire en Informatique - Cocody,AKWABA TECHNOLOGIES SOLUTIONS,"Tu es un-e geek proactif·ve, responsable, curieux·se, passionné·e par les technologies du Web.Rejoins notre équipe pour développer nos solutions à haute valeur ajoutée et bien plus encore... Nous sommes à la recherche des  Stagiaires en Informatique.   Missions : Développer des fonctionnalités en construisant un code de qualité : maintenable & scalable Contribuer aux choix d’architecture du projet et à la stack technique Aider ton client à prioriser les fonctionnalités produit pour apporter un maximum de valeur à son business Contribuer à des projets d’implémentation et/ou des activités de maintenance Participer à la conception de produits informatiques Gérer...",Non spécifié,Non spécifié,Stage,Abidjan,API - C++ - CSS - HTML - JAVA - MYSQL - OPEN SOURCE - POSTGRESQL - SWIFT,https://www.emploi.ci/offre-emploi-cote-ivoire/stagiaire-informatique-cocody-1518053
Caissière - Cocody,PROSUMA COTE DIVOIRE,"Nous sommes à la recherche des  Caissières. Missions : Encaissement des paiements : La mission principale de la caissière est de recevoir les paiements des clients pour les biens ou services qu'ils ont achetés. Cela inclut les paiements en espèces, par carte bancaire, par chèque ou par d'autres moyens de paiement. Scannage des articles : Vérification des prix des articles et enregistrement des informations relatives aux produits via un système de caisse (code-barres, saisie manuelle, etc.). Gestion de la caisse : La caissière doit s’assurer que la caisse est correctement remplie (en espèces et en monnaie), faire la remise de monnaie et s’assurer qu’il n’y a pas d’erreurs...",Non spécifié,Non spécifié,CDI,Abidjan - Bouaflé - Bouaké - Korhogo - Yamoussoukro &...,Facturation - Vente,https://www.emploi.ci/offre-emploi-cote-ivoire/caissiere-cocody-1515459
Chargé de Projet IT Bilingue - Abidjan,TRANSNUMERIK,"Nous sommes à la recherche d'un  Chargé de Projet IT Bilingue. Missions : Sous la supervision du Directeur des opérations, il ou elle s’occupera de la bonne gestion et de la livraison des projets et déploiement des solutions dont son équipe à la charge. A cet effet, Il ou elle sera responsable d’organiser, de diriger et de contrôler les ressources humaines, matérielles et financières essentielles à la réalisation des livrables de son secteur d’activité.    Il /elle réalise notamment, mais sans se limiter, les opérations suivantes : Définition des objectifs et des objectifs du projet : Déterminer les objectifs et les objectifs du projet, en collaboration avec les parties prenantes...",Non spécifié,Non spécifié,CDI & CDD,Abidjan,AGILE - CRM - ITIL - JIRA - MS PROJECT - SCRUM - Vente,https://www.emploi.ci/offre-emploi-cote-ivoire/charge-projet-it-bilingue-abidjan-1515021
Technicien Informatique - Abidjan,TGCC CÔTE D'IVOIRE,"Dans le cadre du développement de ses activités à l’international, TGCC Côte d'Ivoire recrute (1) Technicien Informatique en Côte d'Ivoire. Missions : Basé à Abidjan, les missions évolutives du poste portent notamment sur : Installer, configurer et maintenir des matériaux informatiques (Postes et périphériques). Installer et configurer de nouveaux logiciels, systèmes d’exploitation, Antivirus... Installer, paramétrer, assistance téléphone, télémaintenance, ou déplacement sur site en cas de nécessité, pour les postes clients (ordinateurs, imprimantes), ainsi que des serveurs centraux et locaux. Maintenir la sécurité du système, et traitement des problèmes matériels et logiciels",Non spécifié,Non spécifié,CDD,Abidjan,Non spécifié,https://www.emploi.ci/offre-emploi-cote-ivoire/technicien-informatique-abidjan-1509666
Bénévoles - Cote D´Ivoire,JIGUEN AFRICA,"Jiguen Africa est une organisation à but non lucratif dédiée à l'autonomisation des femmes et des filles en Afrique subsaharienne, en particulier dans les domaines de l'entrepreneuriat et du développement durable depuis 2022. ""Jiguen"" signifie ""femme"" en wolof, une langue largement parlée au Sénégal et dans d'autres parties de l'Afrique de l'Ouest. Objectifs principaux : Promotion de l'égalité des genres : Encourager la participation active des femmes dans des secteurs souvent dominés par les hommes, tels que les technologies, les sciences ou les énergies renouvelables. Autonomisation économique : Offrir des formations, du mentorat, et des opportunités pour aider les...",Non spécifié,Non spécifié,Stage,Abidjan - Bouaké & Yamoussoukro,Non spécifié,https://www.emploi.ci/offre-emploi-cote-ivoire/benevoles-cote-ivoire-1525645
Conseiller Clientèle Profil Commercial CIV - Abidjan,MAJOREL,"Nous sommes à la recherche des  Chargés de Clientèle Francophones CIV. Missions : Rattaché au Responsable du Groupe, le  Chargé de Clientèle   est amené à : Répondre aux demandes d’informations, de renseignements ou de réclamations des clients. Énergique, il se doit toujours d'être souriant, aimable et dynamique. Le chargé de clientèle doit avoir le sens de l’écoute pour comprendre et résoudre les problèmes posés par ses interlocuteurs dans un délai raisonnable. Dès votre premier jour d’intégration au sein de l’entreprise, un accompagnement permanent vous sera octroyé. Une formation vous sera dispensée afin de vous apprendre les rudiments du métier et vous doter...",Non spécifié,Non spécifié,Stage,Abidjan,Vente,https://www.emploi.ci/offre-emploi-cote-ivoire/conseiller-clientele-profil-commercial-civ-abidjan-1521387
Peintre - Abidjan,SIMAM COTE D'IVOIRE,"Nous sommes à la recherche d'un  Peintre. Sous l’autorité du Responsable Gestion des Stocks, le/la titulaire du poste aura pour mission de peindre les palettes et réaliser les travaux de réparation et finition. A ce titre, il/elle sera chargé (e) de : Préparer les surfaces à peindre (dégraissage, sablage, masticage, ponçage…) ; Tracer et marquer la surface à peindre ; Préparer les produits à appliquer (quantité, teinte, mélange…) ; Appliquer l’antirouille ou anti-corrosion des palettes ; Appliquer les produits au pistolet ou pinceau (peintures, vernis, laques) ; Contrôler la surface : repérer les produits non conformes, réaliser les retouches, reprendre les finitions ;...",Non spécifié,Non spécifié,CDI,Abidjan,Formation - Réparation,https://www.emploi.ci/offre-emploi-cote-ivoire/peintre-abidjan-1521646
Contrôleur de Stock - Abidjan,SIMAM COTE D'IVOIRE,"Nous sommes à la recherche d'un  Contrôleur de Stock. Sous l’autorité du Responsable Gestion de Stocks le/la titulaire du poste aura pour mission d’assurer le contrôle de stocks des camions avant et après chargement. A ce titre, il/elle sera chargé (e) de : Réceptionner les commandes de SIMAM Abidjan, SIMAM Intérieur, mandataires et autre prestataires (PI & VIVO) ; Contrôler les camions à l'entrée et à la sortie du centre remplisseur ; Établir les bons de livraisons et bons de transfert internes de marchandises ; Participer aux inventaires journaliers au centre emplisseur ; Faire le point journalier des sorties du centre remplisseur ;",Non spécifié,Non spécifié,CDD,Abidjan,Chargement - Comptabilité - Finance - Gestion - Gestion Logistique - Stocks - Transport,https://www.emploi.ci/offre-emploi-cote-ivoire/controleur-stock-abidjan-1520146
Chargé de Clientèle Francophone CIV - Abidjan,MAJOREL,"Nous sommes à la recherche des  Chargés de Clientèle Francophones CIV. Missions  : Rattaché au Responsable du Groupe, le  Chargé de Clientèle  est amené à : Répondre aux demandes d’informations, de renseignements ou de réclamations des clients. Énergique, il se doit toujours d'être souriant, aimable et dynamique. Le chargé de clientèle doit avoir le sens de l’écoute pour comprendre et résoudre les problèmes posés par ses interlocuteurs dans un délai raisonnable. Dès votre premier jour d’intégration au sein de l’entreprise, un accompagnement permanent vous sera octroyé. Une formation vous sera dispensée afin de vous apprendre les rudiments du métier et vous doter...",Non spécifié,Non spécifié,Stage,Abidjan,Télémarketing - Vente,https://www.emploi.ci/offre-emploi-cote-ivoire/charge-clientele-francophone-civ-abidjan-1519142
Commercial - Abidjan,CABINET BIOPHARMA,Nous recrutons des Commerciaux. Missions : Générer et développer les ventes de nos produits de santé et notre porte feuille clients.,Non spécifié,Non spécifié,CDD & Stage,Abidjan,Vente,https://www.emploi.ci/offre-emploi-cote-ivoire/commercial-abidjan-1521415
Directeur Général Adjoint (Bilingue Anglais-Francais) - Sinematiali,RECRUITMENT,"Fruiteq Côte d’Ivoire, acteur majeur dans la production et l’exportation de fruits frais et séchés, recherche un  Directeur Général Adjoint (DGA)  pour accompagner son développement stratégique et opérationnel. Missions principales : Sous l'autorité du Directeur Général, le Directeur Général Adjoint aura pour missions : Participer à la définition et à la mise en œuvre de la stratégie globale de l’entreprise. Superviser les opérations de production, de transformation et d’exportation, en veillant au respect des normes de qualité et des délais. Contribuer à la gestion des ressources humaines et au développement des talents. Élaborer et suivre les budgets opérationnels. Développer...",Non spécifié,Non spécifié,CDD,Korhogo,Développement Stratégique - Gestion - Leadership - Management - Stratégie,https://www.emploi.ci/offre-emploi-cote-ivoire/directeur-general-adjoint-bilingue-anglais-francais-sinematiali-1519328
Agent Mandataire - Abidjan,AGREBOOK CI,Nous sommes à la recherche des  Agents Mandataire. Mission : Le candidat se en charge de présenter les différents produits de l'entreprise auprès de ses clients.,Non spécifié,Non spécifié,"CDI, CDD & Freelance",Abidjan,Communication - Communication Marketing - Marketing - Vente,https://www.emploi.ci/offre-emploi-cote-ivoire/agent-mandataire-abidjan-1518843
Intégrateur Multimédia - H/F - Abidjan,ELEARNING STUDIO,"Nous sommes à la recherche des  Intégrateurs Multimédia - H/F. Le poste Vous êtes intégré(e) au sein d'une équipe jeune, soudée et dynamique, dans une entreprise innovante et en forte croissance dans le domaine des technologies e-learning. Vous avez une bonne expérience des outils de création et manipulation de contenus multimédia comme PowerPoint et Windows Movie Maker. À l’issue d’une formation sur nos outils, vous rejoindrez l’équipe d’intégrateurs de contenus de formation d’e-learning Studio pour travailler activement sur ses projets dans un esprit Startup avec un package attractif. Les responsabilités : Sous la direction d’un Team Leader, vous aurez la charge de...",Non spécifié,Non spécifié,"CDI, CDD & Stage",Abidjan,Non spécifié,https://www.emploi.ci/offre-emploi-cote-ivoire/integrateur-multimedia-hf-abidjan-1514129
"Graphiste, Concepteur de Présentation - H/F - Abidjan",ELEARNING STUDIO,"Nous sommes à la recherche d'un(e) Graphiste, Concepteur de Présentation - H/F. Vous avez la charge de la conception graphique d'outils de formation innovants à destination des entreprises locales. Intégré à l'équipe Opérations, vous intervenez tout au long des projet clients pour concevoir des modules de formations de qualité professionnelle sur le plan du graphisme et de l'ergonomie. Missions : Au sein de l'équipe de conception et production des modules de formations, vous aurez la charge de : Conçoit et produit des maquettes de modules e-learning à partir des besoins exprimés par le client. Doit penser de manière créative pour produire de nouvelles idées et de nouveaux concepts et...",Non spécifié,Non spécifié,"CDI, CDD & Stage",Abidjan,ILLUSTRATOR - INDESIGN - MICROSOFT - PHOTOSHOP,https://www.emploi.ci/offre-emploi-cote-ivoire/graphiste-concepteur-presentation-hf-abidjan-1514366
Responsable Commercial Pays - Abidjan,AFRICAWORK,"Nous sommes à la recherche d'un  Responsable Commercial Pays. Missions : Il participe à garantir le chiffre d'affaires et la marge commerciale du pays qu’il gère. Il peut participer à la définition de la stratégie commerciale et a la responsabilité de l’exécuter. Il propose les objectifs et les axes prioritaires des actions commerciales. Participer à la définition de la politique commerciale de l'entreprise, à partir de la stratégie de l'entreprise Assurer le suivi et la bonne tenue du pipeline à travers une revue hebdomadaire avec l’équipe commerciale du pays concerné Promouvoir l'image et la notoriété de l'entreprise Participer à la négociation sur certains comptes...",Non spécifié,Non spécifié,CDI,Abidjan,Actions Commerciales - Négociation - Stratégie Commerciale - Vente,https://www.emploi.ci/offre-emploi-cote-ivoire/responsable-commercial-pays-abidjan-1513844
Commercial - Abidjan,LOGODOUMAN,"Nous recherchons notre futur(e) Commercial(e) (H/F) pour notre local situé à Anyama (Abidjan, Côte d'Ivoire). Missions : ﻿﻿Assurer la réception des nouveaux arrivages de colis et confirmer la qualité et la quantité puis reporter l'information à la direction ﻿﻿Effectuer des publications sur les différents réseaux sociaux dans le but de promouvoir nos articles. ﻿﻿Assurer le suivi des commandes et du stock ﻿﻿Assurer certaines livraisons de commandes ﻿﻿Faire l'inventaire des articles disponibles une fois par mois. ﻿﻿Collaborer avec les autres membres de l'équipe Logodouman pour le succès de vos missions. ﻿﻿Mettre en place une stratégie de croissance de l'activité dans la zone Abidjan ﻿﻿Vous...",Non spécifié,Non spécifié,CDD,Abidjan,Non spécifié,https://www.emploi.ci/offre-emploi-cote-ivoire/commercial-abidjan-1514409
Chargé(e) de Relations Publiques et Partenariats - Abidjan,AFROBEAT INTERNATIONAL,"Afrobeat International recherche un(e) Chargé(e) de Relations Publiques et Partenariats talentueux(se) et motivé(e) pour développer notre réseau de collaborations stratégiques et renforcer la visibilité de notre radio. Vous serez responsable de la mise en place et du suivi des partenariats clés avec des entreprises, des organisations, et des personnalités influentes dans les domaines de la musique, de la culture, et des médias.",Non spécifié,Non spécifié,CDD,Abidjan,Assistanat - Communication - Relations Publiques - Secrétariat,https://www.emploi.ci/offre-emploi-cote-ivoire/chargee-relations-publiques-partenariats-abidjan-1514057
Professeur ou Tuteur de Maths ou Physique-Chimie - Abidjan,COURS-EN-VISIO,"Nous sommes une startup française, dont la plateforme est basée à Abidjan spécialisée dans le soutien scolaire en ligne (cours particuliers en visio-conférence) à des élèves, collégiens et lycéens résidant en France. Dans le cadre de notre croissance nous recrutons des collaborateurs Professeur ou Tuteur de Maths ou Physique-Chimie. Missions confiées :  Vous aurez en charge l'accompagnement scolaire des élèves dans les matières citées ci-dessus à savoir: évaluation de leurs compétences acquises et celles mal acquises répétition de ce qu'ils ont étudié en classe mise en place d'un plan de travail pour combler leurs lacunes ainsi que d'une méthodologie les aider à rédiger les devoirs de maison...",Non spécifié,Non spécifié,Freelance & Temps partiel,Abidjan,Accompagnement,https://www.emploi.ci/offre-emploi-cote-ivoire/professeur-tuteur-maths-physique-chimie-abidjan-1514046
"COMMERCIAUX DE VEHICULES POIDS LOURDS ET MACHINE DE BTP (H/F) - Abidjan, Attinguié PK 30",ZONDACI SARL,"En tant que Commercial(e) de véhicules poids lourds (Bennes, Tracteurs, Semi-remorques, Plateaux) et Légers (Tank, Forland, Dongfeng) et machines de BTP (Bulldozers, Excavateurs, Niveleuses, Chargeuses, Compacteurs), vous serez responsable de promouvoir et de vendre notre gamme de véhicules à une clientèle variée. Votre rôle consistera à développer de nouveaux clients tout en entretenant des relations solides avec les clients existants. Vous travaillerez en étroite collaboration avec l'équipe de vente pour atteindre et dépasser les objectifs fixés.",Non spécifié,Non spécifié,CDD,Abidjan - Bouaké - Korhogo & Yamoussoukro,Communication - Communication de Produit - Marketing - Négociation - Négociation Commerciale - Prospection - Prospection Client - Vente,https://www.emploi.ci/offre-emploi-cote-ivoire/commerciaux-vehicules-poids-lourds-machine-btp-hf-abidjan-attinguie-pk-30
Community Manager - Abidjan,SMYRNE GROUPE CI,Nous sommes à la recherche d'un  Community Manager. Missions : Développer le marketing sur les réseaux sociaux et élargir la clientèle. Créer des visuels attractifs grâce à une bonne maîtrise de photoshop et de la retouche photo. Élaborer et mettre en œuvre des stratégies de vente pour atteindre les objectifs commerciaux. Analyser les tendances pour identifier les opportunités et ajuster les stratégies de vente,Non spécifié,Non spécifié,CDI & CDD,Abidjan,Maîtrise Technique - Vente,https://www.emploi.ci/offre-emploi-cote-ivoire/community-manager-abidjan-1517512
Référenceur(se) SEO Google / Webmaster - Télétravail,OPTIMUM INTERIM,"Nous sommes à la recherche des  Référenceurs SEO Google / Webmaster. Missions : Vous devrez faire monter des sites en referencement dans la recherche Google, par tous les moyens possibles. (Blogs, baclinks...) Il faut bien maitriser Wordpress, vous devrez implémenter vous-mêmes les blogs sur les sites Wordpress. Il faut bien avoir de très bonnes notions de Seo, pour faire des blogs utiles au référencement Google, en longueur et en qualité pour le robot de Google. Vous devrez copier des blogs existants principalement avec chat gpt, et Ahrefs, donc plutôt simple, vous n’avez pas à créer des blogs de a à z. Il y aura aussi la possibilité de gérer des réseaux sociaux. Les sites sont destinés à...",Non spécifié,Non spécifié,Freelance,International,Référencement Naturel - Référencement SEO - Référencement Web - SEO - WORDPRESS,https://www.emploi.ci/offre-emploi-cote-ivoire/referenceurse-seo-google-webmaster-teletravail-1505668
Technico-Commercial Réseaux Informatique et Télécom - Abidjan,NUCLEUS SARL,"Nous sommes à la recherche d'un  Technico-Commercial Réseaux Informatique et Télécom. Rattachement hiérarchique : Directeur commercial et Directeur des opérations Mission principale : Développer un portefeuille client en proposant des solutions techniques (téléphonie IP, réseaux télécom, fournitures informatiques) et gérer toutes les étapes de réponse aux appels d’offres, en plus de concevoir des plans techniques à l’aide de logiciels comme AutoCAD. Responsabilités : Dimension commerciale Prospecter, développer et fidéliser un portefeuille clients. Identifier les besoins spécifiques des clients et proposer des solutions adaptées. Assurer le suivi des contrats et commandes pour...",Non spécifié,Non spécifié,CDD,Abidjan,AUTOCAD - VLAN - VOIP - WAN,https://www.emploi.ci/offre-emploi-cote-ivoire/technico-commercial-reseaux-informatique-telecom-abidjan-1514050
Testeur en Automatisation (H/F) - Abidjan,ECOLE TESTPRO,"À propos de l’École TestPro L’École TestPro est un leader dans la formation certifiante en test logiciel et ingénierie des exigences (ISTQB, IQBBA, IREB). Nous formons des professionnels pour répondre aux besoins croissants du marché technologique en Afrique et à l’international. Nous offrons aux entreprises une équipe de testeurs professionnels, assurant une gestion collective des ressources pour accompagner vos projets tout au long du cycle de vie du développement logiciel. Nous proposons également des services d’externalisation des tests dans nos locaux en mode régie. Dans le cadre de notre développement, nous recherchons un ou plusieurs Testeurs en Automatisation (H/F) à Abidjan. Missions...",Non spécifié,Non spécifié,CDI & CDD,Abidjan & International,AGILE - JAVA - JUNIT - SELENIUM - SQL,https://www.emploi.ci/offre-emploi-cote-ivoire/testeur-automatisation-hf-abidjan-1514128
Technicien de Maintenance Agro-alimentaire,MAINTENANCE AKADEMY,"Nous sommes à la recherche d'un  Technicien de Maintenance en Agro-alimentaire. Missions : Observer, écouter, toucher, sentir : tous les sens du technicien de maintenance doivent être en éveil pour anticiper les dysfonctionnements Analyser, diagnostiquer les causes et trouver les remèdes à un dysfonctionnement Dépanner, réparer dans les meilleurs délais Modifier ou fiabiliser un équipement pour faciliter les opérations de maintenance ou l'améliorer.",Non spécifié,Non spécifié,CDI,International,Agroalimentaire - Automatisme - DU - Équipement - Hydraulique - Hydraulique Pneumatique - Industrie - Maintenance - Maintenance Hydraulique - Mécanique Hydraulique - Pneumatique - Production - Qualité - Qualité Agroalimentaire,https://www.emploi.ci/offre-emploi-cote-ivoire/technicien-maintenance-agro-alimentaire-1388547
Technicien de Maintenance Polyvalent - France,MAINTENANCE AKADEMY,Nous sommes à la recherche d'un  Technicien de Maintenance Polyvalent. Missions : Effectuer la maintenance préventive et corrective des équipements de production Diagnostiquer les pannes et effectuer les réparations nécessaires Collaborer avec les équipes de production pour résoudre rapidement les problèmes techniques Participer à l'installation et à la mise en service de nouveaux équipements Documenter toutes les interventions et maintenir les dossiers de maintenance à jour.,Non spécifié,Non spécifié,CDI,International,Automatisme - Hydraulique - Maintenance - Maintenance Préventive - Pneumatique - Production - Qualité,https://www.emploi.ci/offre-emploi-cote-ivoire/technicien-maintenance-polyvalent-france-1444159
Conducteur Moulin - Divers Villes en France,MAINTENANCE AKADEMY,"Nous sommes à la recherche d'un  Conducteur Moulin  Missions Met en œuvre , contrôle et pilote les opérations de mélange, de nettoyage, de conditionnement et de mouture des blés selon le programme déterminé par le Chef meunier. Applique les procédures et les consignes de fabrication du service moulin Effectue les contrôles nécessaires au pilotage du moulin et les prélèvements d’échantillons pour le laboratoire d’analyses et le fournil de panification Effectue un relevé journalier des stocks de farines et produits Met en place et suit les enregistrements nécessaires à la traçabilité des farines et ingrédients Réalise et enregistre les contrôles garantissant la sécurité des aliments Est...",Non spécifié,Non spécifié,CDI,International,Fabrication - Maintenance - Process - Processus - Production - Qualité,https://www.emploi.ci/offre-emploi-cote-ivoire/conducteur-moulin-divers-villes-france-1478697
Gérant(e) Point Orange Money - Abidjan,AFRICAWORK,Agence Orange Money recrute des Gérants(es) pour la gestion d'un point mobile money. Missions : Effectuer des retraits et dépôts d’argent ; Enregistrement des clients ; Effectuer un Reporting journalier ;,Non spécifié,Non spécifié,CDD,Abidjan,Comptabilité - Gestion,https://www.emploi.ci/offre-emploi-cote-ivoire/gerante-point-orange-money-abidjan-1507627
Commercial - Abidjan,GROUPE ESSOR,"Nous sommes à la recherche des Commerciaux. Missions : Le commercial terrain a pour mission principale de développer les plans de formation de l’entreprise. Au travers de tournées et de rendez-vous physiques, il mène des actions de prospection et négocie des contrats. Prospection Commerciale Démarcher par téléphone ou mail des entreprises à partir d’un fichier client Participer à des événements d'affaires pour rencontrer de nouveaux prospects Intégrer des réseaux et réseauter pour soulever de nouveaux clients potentiels Utiliser les réseaux sociaux pour identifier des opportunités et entrer en contact avec de potentiels clients Créer un plan de prospection commerciale Maîtriser le  discours...",Non spécifié,Non spécifié,"CDD, Stage & Statutaire",Abidjan - Aboisso - Agboville - Duékoué & Toumodi,Gestion de la Force de Vente - Marketing des Ventes - Négociation - Prospection - Prospection Commerciale - Suivi Commercial - Vente,https://www.emploi.ci/offre-emploi-cote-ivoire/commercial-abidjan-1511209
Commercial Immobilier - Abidjan,IVOIREIENNE DEVELOPPEMENT IMMOBILIER,"Nous sommes à la recherche des  Commerciaux Immobilier. Missions : Commercial très efficace, chargé de commercialiser les programmes immobiliers de l'entreprise",Non spécifié,Non spécifié,CDI,Abidjan,Vente,https://www.emploi.ci/offre-emploi-cote-ivoire/commercial-immobilier-abidjan-1509693
Producteur/ Productrice - Abidjan,ISTORIAS MEDIA,"Nous sommes à la recherche d'un(e)  Producteur/ Productrice. Personne ayant une expérience confirmée dans la production audiovisuelle, de préférence avec une formation de journaliste. Une excellente connaissance du paysage médiatique de la Côte d’Ivoire, des réseaux sociaux et des contacts locaux est essentielle. Une expérience en radio/podcast serait un atout, ainsi que la maîtrise de plusieurs langues locales. Missions : Dans le cadre de la production d’un nouveau vidéopodcast conversationnel sur le discours de haine, le/la journaliste réseaux sociaux sera chargé·e de : Élaborer et mettre en œuvre une stratégie de diffusion sur les réseaux sociaux. Créer et adapter du contenu visuel et...",Non spécifié,Non spécifié,Freelance,Abidjan,Journalisme - Production,https://www.emploi.ci/offre-emploi-cote-ivoire/producteur-productrice-abidjan-1510243
Responsable Exploitation - Cocody,MOI JEU TRI,"Nous sommes à la recherche d'un  Responsable Exploitation. Missions : Renforcer et animer les partenariats en place dans les zone (collectivités locales, établissement scolaires, associations, partenaires de revente de déchets, etc) Assurer l’animation des prestataires de services et plus particulièrement des coopératives constituées Être force de proposition pour l’amélioration continue des opérations dans les zones Appuyer les différents process de reporting (comptabilité, indicateurs et reporting annuels) Sous la supervision du responsable des Opérations, appuyer la supervision du déploiement des programmes les zones couvertes Soutenir le responsable des opérations dans la mise en...",Non spécifié,Non spécifié,CDI & CDD,Abidjan,Activités Logistiques - Douane - Gestion des Stocks - Gestion Logistique - Sécurité Routière - Stockage - Stocks - Transport,https://www.emploi.ci/offre-emploi-cote-ivoire/responsable-exploitation-cocody-1510229
Technicien(ne) Administratif(ve) et Technique - Abidjan,GAS SYSTEMES AFRIQUE,"Vous êtes organisé(e), réactif(ve) et capable de gérer plusieurs tâches à la fois ? Vous avez une expérience éprouvée dans le montage rapide des dossiers de Marchés et dossiers Administratifs, et à apporter un appui efficace sur le terrain ? Nous recherchons un(e) Technicien(ne) Administratif(ve) et Technique pour renforcer notre équipe en Côte d’Ivoire.",Non spécifié,Non spécifié,CDI & CDD,Abidjan & International,Non spécifié,https://www.emploi.ci/offre-emploi-cote-ivoire/technicienne-administratifve-technique-abidjan-1508062
"Téléconseiller - Cocody, Riviera Palmeraie",HIROOKU,"Nous sommes à la recherche des  Téléconseillers. Missions : Émettre des appels vers la France pour atteindre les objectifs fixés, Prospecter des clients potentiels, Contacter des prospects en développant un argumentaire qui correspond à leurs besoins et les conseiller, Proposer de nouveaux services ou produits, Réalisation d'enquêtes téléphoniques, prise de rendez-vous téléphoniques",Non spécifié,Non spécifié,Stage,Abidjan,Télémarketing,https://www.emploi.ci/offre-emploi-cote-ivoire/teleconseiller-cocody-riviera-palmeraie-1507552
Stagiaire Commercial - Abidjan,TINITZ,"Nous sommes à la recherche d'un  Stagiaire Commercial. En tant que Commerciale chez TINITZ, vous serez le moteur de notre croissance en assurant le développement et la fidélisation de notre portefeuille clients. Missions : Identifier et prospecter de nouveaux clients dans les secteurs clés. Présenter et vendre les solutions informatiques et digitales de TINITZ. Élaborer des propositions commerciales adaptées aux besoins des clients. Négocier les contrats et assurer le suivi des projets jusqu'à leur réalisation. Collaborer avec l’équipe technique pour garantir la satisfaction des clients.",Non spécifié,Non spécifié,Stage,Abidjan,Négociation - Stratégie Commerciale - Vente,https://www.emploi.ci/offre-emploi-cote-ivoire/stagiaire-commercial-abidjan-1508002
Livreur - Abidjan,SURYAH ISRABUSINESS,"Nous recherchons des Livreurs motivés pour assurer la livraison de marchandises (colis, repas, etc.) auprès de nos clients dans les délais impartis. Missions : Vous serez responsable de vérifier les commandes, respecter les itinéraires et offrir un service courtois.",Non spécifié,Non spécifié,CDD,Abidjan,Transport - Vente,https://www.emploi.ci/offre-emploi-cote-ivoire/livreur-abidjan-1506130
Chef de Chantier - Abidjan,IMAGE PUB PLUS,"Image Pub Plus, leader dans la confection publicitaire, la confection publicitaire recherche un Chef de Chantier pour superviser ses projets. Vous serez responsable de la planification, de la coordination et de l'exécution des travaux sur site, en veillant à la qualité, au respect des délais et des normes de sécurité. Vos principales missions : Planification et organisation : Élaborer le planning des travaux en collaboration avec les équipes internes. Identifier les ressources nécessaires (matériaux, équipements, main-d'œuvre). Supervision et exécution : Diriger et encadrer les équipes sur le terrain. Assurer le suivi des travaux d’installation et de construction, notamment pour l...",Non spécifié,Non spécifié,CDI & CDD,Abidjan,Aluminium - BTP - Confection - Construction - Gestion de la Qualité - Maintenance - Manipulation - Montage - Production - PVC - Qualité,https://www.emploi.ci/offre-emploi-cote-ivoire/chef-chantier-abidjan-1507196
Informaticien - Abidjan,TGCC CÔTE D'IVOIRE,"Dans le cadre du développement de ses activités à l’international, TGCC Côte d'Ivoire recrute (1) Informaticien  en Côte d'Ivoire. Missions : Basé à Abidjan, les missions évolutives du poste portent notamment sur : Installer, configurer et maintenir des matériaux informatiques (Postes et périphériques). Installer et configurer de nouveaux logiciels, systèmes d’exploitation, Antivirus... Installer, paramétrer, assistance téléphone, télémaintenance, ou déplacement sur site en cas de nécessité, pour les postes clients (ordinateurs, imprimantes), ainsi que des serveurs centraux et locaux. Maintenir la sécurité du système, et traitement des problèmes matériels et logiciels.",Non spécifié,Non spécifié,CDD,Abidjan,Non spécifié,https://www.emploi.ci/offre-emploi-cote-ivoire/informaticien-abidjan-1511162
Technicien / Opérateur de Production H/F CDD-CQP - Cocody,AITHNIK,"Nous sommes à la recherche des   Techniciens / Opérateurs de Production H/F CDD-CQP. Missions : Alimenter la ligne de production avec des matières premières et la piloter. Respecter les consignes de sécurité et les procédures de fabrication pour garantir la qualité et la conformité des produits finis. Contrôler la conformité et la qualité des produits en sortie de chaîne. Approvisionner la ligne de production. Réglage et production sur ligne de production semi automatique Préparation des mélanges Participer à la fabrication ou à la finition d'un produit. Piloter la ligne de production en respectant les consignes. Contrôler les produits avant , pendant et après la production. Conditionner les produits...",Non spécifié,Non spécifié,CDD & Stage,Abidjan,Électrotechnique - Fabrication - Hygiène - Maintenance - Maintenance Préventive - Production - Qualité,https://www.emploi.ci/offre-emploi-cote-ivoire/technicien-operateur-production-hf-cdd-cqp-cocody-1501935
Responsable D´Enseigne - Abidjan,Non spécifié,Nous sommes à la recherche d'un  Responsable d'Enseigne. Missions : Manager une équipe de plus de 20 personnes en leur fixant des objectifs clairs et en les accompagnant dans leur développement. Animer la vie commerciale du magasin en mettant en place des actions marketing efficaces et en optimisant les linéaires. Piloter la performance du magasin en analysant les indicateurs clés et en mettant en œuvre des plans d'action correctifs. Gérer les opérations quotidiennes en veillant à la fluidité des processus et à la qualité du service client. Développer le magasin en participant à des projets d'amélioration continue et en proposant de nouvelles initiatives.,Non spécifié,Non spécifié,CDI,Abidjan,Merchandising,https://www.emploi.ci/offre-emploi-cote-ivoire/responsable-enseigne-abidjan-1502342
ANGULAR Developer (M/F),AFRICASHORE,"We are looking for ANGULAR Developer profiles / CVs to pass on to our clients for their future recruitment campaigns.   Mission:   Working within a Team to determine needs and applying / customizing existing technology to meet those needs. Producing detailed specifications and writing the program codes that perform efficiently. Write clean, scalable, reusable code using ANGULAR framework such as LumX, NGX-Bootstrap, Vue.js etc. Be responsible for providing technical guidance or solutions. Define, advocate, and implement best practices and coding standards for the team. Develop and guide the team members in enhancing their technical capabilities and increasing productivity. Manage, train...",Non spécifié,Non spécifié,"CDI, CDD - Freelance",Abengourou - Abidjan - Aboisso - Adzopé - Agboville - Bondoukou -...,BOOTSTRAP - CSS3 - CVS - GIT - JAVASCRIPT - JQUERY - LESS - MVC - MYSQL - REST,https://www.emploi.ci/offre-emploi-cote-ivoire/angular-developer-mf-1386339
DevOps Engineer (M/F),AFRICASHORE,"We are looking for DevOps Engineer profiles / CVs to pass on to our clients for their future recruitment campaigns.   Mission:   Ensure effective Design, Development, Validation and Support activities. Defining and setting development, test, release, deploy/implementation for DevOps operation. To play a key role in the overall estimation of work requirements. Be a key contributor to building efficient programs/ systems. Application Development and Maintenance. Knowledge of design principles and fundamentals of architecture. Knowledge of quality processes and estimation techniques. Basic understanding of project domain. Ability to translate functional / nonfunctional requirements...",Non spécifié,Non spécifié,"CDI, CDD - Freelance",Abengourou - Abidjan - Aboisso - Adzopé - Agboville - Bondoukou -...,AGILE - APACHE - ARTIFACTORY - AZURE - CVS - DOCKER - DYNATRACE - ECLIPSE - GIT - GITLAB - GROOVY - JAVA - JAVASCRIPT - JBOSS - JENKINS - JIRA - LESS - LINUX - ORACLE - POSTGIS - POSTGRESQL - PYTHON - SCRUM - SHELL - SONARQUBE - WEBLOGIC,https://www.emploi.ci/offre-emploi-cote-ivoire/devops-engineer-mf-1386340
DOTNET Developer (M/F),AFRICASHORE,"We are looking for DOTNET Developer profiles / CVs to pass on to our clients for their future recruitment campaigns.   Mission:   Working within a Team to determine needs and applying / customizing existing technology to meet those needs. Producing detailed specifications and writing the program codes that perform efficiently. Write clean, scalable, reusable code using.NET programming languages. Advanced conceptual understanding of at least one Programming Language. Advanced conceptual understanding of one database and one Operating System. Understanding of Software Engineering with practice in at least one project. Exposure to Design Principles and ability to understand Design...",Non spécifié,Non spécifié,"CDI, CDD - Freelance",Abengourou - Abidjan - Aboisso - Adzopé - Agboville - Bondoukou -...,API - ASP - C# - CSS - CVS - DOTNET - FRONT END - HTML - HTTP - LINUX - MVC - MYSQL - NET - QUERY - REST - SOAP - SQL,https://www.emploi.ci/offre-emploi-cote-ivoire/dotnet-developer-mf-1386341
IOS Developer (M/F),AFRICASHORE,"We are looking for iOS Developer profiles / CVs to pass on to our clients for their future recruitment campaigns.   Mission:   Implement, develop, and fix code according to corporate coding standards. Design and build advanced applications for the iOS platform. IOS Developer, who is responsible for App development with quality and by following the best practices. Ability to write scalable and maintainable code. Coordinate with other team members to ensure that all TMs are in sync. Be self-starter and goal-oriented with strong analytical and problem-solving skills. Ability to work cooperatively within a strong diverse technical community to expedite development tasks. Collaborate...",Non spécifié,Non spécifié,"CDI, CDD - Freelance",Abengourou - Abidjan - Aboisso - Adzopé - Agboville - Bondoukou -...,AGILE - APP - COCOA - CVS - FOUNDATION - GIT - SWIFT - TMS,https://www.emploi.ci/offre-emploi-cote-ivoire/ios-developer-mf-1386342
JAVA Developer (M/F),AFRICASHORE,"We are looking for JAVA Developer profiles / CVs to pass on to our clients for their future recruitment campaigns.   Mission:   Working within a Team to determine needs and applying / customizing existing technology to meet those needs. Producing detailed specifications and writing the program codes that perform efficiently. Write clean, scalable, reusable code using JAVA Framework sach as Spring, Struts, JSF, GWT etc. Lead a team closely with complete authority and accountability to deliver high quality software products in a fast-paced environment. Guide your team members on latest technologies including Java, Spring, Spring-Boot, Angular, Hibernate, Grails, Groovy, Kafka, Redis, Hazelcast...",Non spécifié,Non spécifié,"CDI, CDD - Freelance",Abengourou - Abidjan - Aboisso - Adzopé - Agboville - Bondoukou -...,AGILE - API - BOOTSTRAP - CONFLUENCE - CVS - GIT - GRAILS - GROOVY - GWT - HIBERNATE - HTML - JAVA - JAVASCRIPT - JENKINS - JIRA - JQUERY - JSF - MYSQL - ORACLE - REDIS - SPRING - STRUTS,https://www.emploi.ci/offre-emploi-cote-ivoire/java-developer-mf-1386343
JAVA JEE Developer (M/F),AFRICASHORE,"We are looking for JAVA JEE Developer profiles / CVs to pass on to our clients for their future recruitment campaigns.   Mission:   Good exposure to Core Java, MySQL server as DB. Maintain source code control of all application code, scripts, and database definition language. Design, Develop, Implement and/or Manage project. Responsible for development, focusing on designs, coding, testing, quality assurance of complex product features in a development team. Show initiative and drive topics to resolution in a high level of quality, speed, reliability and efficiency considering the essential non-functional requirements. Analyzing clients' requirements and produce technical proposals,...",Non spécifié,Non spécifié,"CDI, CDD - Freelance",Abengourou - Abidjan - Aboisso - Adzopé - Agboville - Bondoukou -...,AGILE - ANGULAR JS - AZURE - BIG DATA - CASSANDRA - COUCHBASE - CSS - CVS - DOCKER - GIT - HADOOP - HIBERNATE - HTML - J2EE - JAVA - JAVA JEE - JAVASCRIPT - JBOSS - JENKINS - MAVEN - MVC - MYSQL - NOSQL - ORACLE - REDIS - REST - SOAP - SPARK - SPRING - SQL - STRUTS - WEBLOGIC,https://www.emploi.ci/offre-emploi-cote-ivoire/java-jee-developer-mf-1386344
JAVASCRIPT Developer (M/F),AFRICASHORE,"We are looking for JAVASCRIPT Developer profiles / CVs to pass on to our clients for their future recruitment campaigns.   Mission:   Primarily responsible for developing software components using Core JavaScript, HTML5 and CSS. Ensure designs are in compliance with specifications. Prepare and produce releases of software components. Help maintain code quality, organization, unit tests and automation. Support continuous improvement by investigating alternatives and technologies and presenting these for architectural review. Building sustainable coding that may be used in the future. Modifying designs and specifications of complex applications. Analyzing code, requirements, system...",Non spécifié,Non spécifié,"CDI, CDD - Freelance",Abengourou - Abidjan - Aboisso - Adzopé - Agboville - Bondoukou -...,ANGULAR JS - API - BACKBONE JS - CSS - CVS - DOJO - HTML - JAVASCRIPT - JENKINS - JQUERY - MONGODB - ORACLE,https://www.emploi.ci/offre-emploi-cote-ivoire/javascript-developer-mf-1386345
KOTLIN Developer (M/F),AFRICASHORE,"We are looking for KOTLIN Developer profiles / CVs to pass on to our clients for their future recruitment campaigns.   Mission:   Working directly with developers and product managers to conceptualize, build, test and release products. Carefully evaluate the technical trade-offs of every decision. Work on bug fixing and improving application performance. Deliver quality code in an efficient manner. Continuously discover, evaluate, and implement new technologies to maximize development efficiency. Optimizing performance for the apps and keep up to date on the latest industry trends in the mobile technologies. Collaborating with UI and UX Designers, as well as Software Testers, to...",Non spécifié,Non spécifié,"CDI, CDD - Freelance",Abengourou - Abidjan - Aboisso - Adzopé - Agboville - Bondoukou -...,AGILE - ANDROID - API - APP - AZURE - CVS - DNS - DOCKER - GIT - JAVA - JENKINS - LOAD BALANCING - MAC - MAVEN - MVVM - OPENSTACK - PAAS - SDK - TCP IP - TDD - UDP - XML,https://www.emploi.ci/offre-emploi-cote-ivoire/kotlin-developer-mf-1386346
LARAVEL Developer (M/F),AFRICASHORE,"We are looking for LARAVEL Developer profiles / CVs to pass on to our clients for their future recruitment campaigns.   Mission:   Develop, test, and maintain applications to specified designs & standards in Laravel. Develop & implement modern web services using service-oriented architecture, RESTful APIs, and SOAP. Write and execute unit tests. Implement front-end interfaces & experiences with modern HTML/CSS/jQuery. Test, troubleshoot, and optimize application components for maximum speed, security, stability and scalability. Developing and maintaining dynamic websites and web applications. Develop and deploy new features to facilitate related procedures and tools if...",Non spécifié,Non spécifié,"CDI, CDD - Freelance",Abengourou - Abidjan - Aboisso - Adzopé - Agboville - Bondoukou -...,AJAX - CODEIGNITER - CSS - CVS - GIT - HTML - JAVASCRIPT - JQUERY - LARAVEL - MARIADB - MVC - MYSQL - NOSQL - QUERY - SOAP - SQL - TFS,https://www.emploi.ci/offre-emploi-cote-ivoire/laravel-developer-mf-1386347
NODE.JS Developer (M/F),AFRICASHORE,"We are looking for NODE.JS Developer profiles / CVs to pass on to our clients for their future recruitment campaigns.   Mission:   Design and develop business logic and backend services for full-scale applications. Be responsible for designing, coding, testing, and implementing web applications. Write scalable, robust, testable, efficient, and easily maintainable code for our online comparison calculators and internal tools. Be responsible for system design and application development of web applications. Documenting Node.js processes, including database schemas, as well as preparing reports. Design and implementation of low-latency, high-availability, and high-performance applications...",Non spécifié,Non spécifié,"CDI, CDD - Freelance",Abengourou - Abidjan - Aboisso - Adzopé - Agboville - Bondoukou -...,BOOTSTRAP - CSS3 - CVS - DOCKER - GIT - JAVASCRIPT - JIRA - JQUERY - JSON - LESS - MONGODB - MVC - MYSQL - NODE JS - NOSQL - POSTGRESQL - REACT - REDIS - REST - SQL - XML,https://www.emploi.ci/offre-emploi-cote-ivoire/nodejs-developer-mf-1386348
OBJECTIVE-C Developer (M/F),AFRICASHORE,"We are looking for OBJECTIVE-C Developer profiles / CVs to pass on to our clients for their future recruitment campaigns.   Mission:   Design and build advanced applications for the iOS platform. Analyze client business requirements and user experience to shape, design, and build custom mobile experiences for the clients. Collaborate with cross-functional teams to define, design, and ship new features. Ensure the performance, quality, and responsiveness of applications. Unit-test code for robustness, including edge cases, usability, and general reliability. Work on bug fixing and improving application performance. Help maintain code quality, organization, and automatization. Work on...",Non spécifié,Non spécifié,"CDI, CDD - Freelance",Abengourou - Abidjan - Aboisso - Adzopé - Agboville - Bondoukou -...,ANDROID - APP - COCOA - CSS - CVS - EDGE - GIT - HTML - JAVASCRIPT - JQUERY - JSON - LINUX - MAC - MERCURIAL - OSX - REST - SWIFT - XML,https://www.emploi.ci/offre-emploi-cote-ivoire/objective-c-developer-mf-1386349
PHP Developer (M/F),AFRICASHORE,"We are looking for PHP Developer profiles / CVs to pass on to our clients for their future recruitment campaigns.   Mission:   Writing clean, fast code PHP to a high standard, in a timely and scalable way. Design E-Commerce websites and Dashboards using PHP, and Strong Knowledge on Integrations Like, Payment gateway, APi s etc. Establishing and guiding the website s architecture. Conducting analysis of website and application requirements. Writing back-end code and building efficient PHP modules. Developing back-end portals with an optimized database. Updating and altering application features to enhance performance. Helping formulate an effective, responsive design and turning it...",Non spécifié,Non spécifié,"CDI, CDD - Freelance",Abengourou - Abidjan - Aboisso - Adzopé - Agboville - Bondoukou -...,AJAX - API - CODEIGNITER - CSS3 - CVS - GIT - JAVASCRIPT - LARAVEL - MAGENTO - MERCURIAL - MONGODB - MVC - MYSQL - NOSQL - ORACLE - SQL - SYMFONY - XML - ZEND,https://www.emploi.ci/offre-emploi-cote-ivoire/php-developer-mf-1386350
PYTHON Developer (M/F),AFRICASHORE,"We are looking for PYTHON Developer profiles / CVs to pass on to our clients for their future recruitment campaigns.   Mission:   Design, implement, maintain and deploy applications. Convert specifications and requirements into functional application code. Demonstrate focus on quality (unit testing, system testing, user acceptance testing) and product support ownership... Support deployments and releases. Creating products that are user-friendly, effective and appealing. Enforce good programming practices. Contribute to develop, maintain and improve in house python applications. Work closely with other development teams to ensure successful implementation of applications. Conduct...",Non spécifié,Non spécifié,"CDI, CDD - Freelance",Abengourou - Abidjan - Aboisso - Adzopé - Agboville - Bondoukou -...,AGILE - API - CSS - CVS - DJANGO - HTML - PYTHON - SCRUM - SQL - TORNADO,https://www.emploi.ci/offre-emploi-cote-ivoire/python-developer-mf-1386351
QA Tester (M/F),AFRICASHORE,"We are looking for QA Tester profiles / CVs to pass on to our clients for their future recruitment campaigns.   Mission:   Work on tasks identified in the testing strategy and plan. Be responsible for the accurate recording of defects and the collation of metrics and KPI information for reporting purposes. Articulation of defects in detailed manner, assigning defects to technical teams, capturing target fix dates. Identifie the tasks and resources needed to ensure that their specific portion of the testing process meets software quality requirements prior to release into a live environment. Establish the testing process such as test automation, performance testing, testing process, test...",Non spécifié,Non spécifié,"CDI, CDD - Freelance",Abengourou - Abidjan - Aboisso - Adzopé - Agboville - Bondoukou -...,AGILE - API - APP - CVS - JAVA - MAVEN - MYSQL - SCRUM - SELENIUM - SQL,https://www.emploi.ci/offre-emploi-cote-ivoire/qa-tester-mf-1386352
REACT Developer (M/F),AFRICASHORE,"We are looking for REACT Developer profiles / CVs to pass on to our clients for their future recruitment campaigns.   Mission:   Responsible for requirement analysis, Design and Development of modules. Using React and Redux, design and develop user interface components for JavaScript-based online and mobile apps. Develop new user-facing features. Build reusable code and libraries for future use. Ensure the technical feasibility of UI/UX designs. Writing application interface codes using JavaScript following react.js workflows. Review code, elicit requirements and design specifications. Prepares the deployment documents and deploys the code. Reports status to Project management...",Non spécifié,Non spécifié,"CDI, CDD - Freelance",Abengourou - Abidjan - Aboisso - Adzopé - Agboville - Bondoukou -...,BOOTSTRAP - CSS - CVS - GIT - JAVA - JAVASCRIPT - JQUERY - LESS - REACT,https://www.emploi.ci/offre-emploi-cote-ivoire/react-developer-mf-1386353
RUBY ON RAILS Developer (M/F),AFRICASHORE,"We are looking for RUBY ON RAILS Developer profiles / CVs to pass on to our clients for their future recruitment campaigns.   Mission:   Providing enhancements to the application platform with specific emphasis on sound fundamental development methodology in Ruby on Rails. Design and develop responsive, high performing web applications using modern techniques and frameworks as well as write tests and perform code reviews in a dynamic, fast paced agile environment. Maintain responsibility for analysis of Incident Tickets & Resolution, supply to Continual Service Improvement Programs. Writte and maintain reliable Ruby code. Integrating user-facing elements designed by the front-end team...",Non spécifié,Non spécifié,"CDI, CDD - Freelance",Abengourou - Abidjan - Aboisso - Adzopé - Agboville - Bondoukou -...,AGILE - CSS - CVS - DOCKER - GIT - HTML - JAVASCRIPT - JIRA - JQUERY - MONGODB - MYSQL - POSTGRESQL - RUBY ON RAILS,https://www.emploi.ci/offre-emploi-cote-ivoire/ruby-on-rails-developer-mf-1386354
SWIFT Developer (M/F),AFRICASHORE,"We are looking for SWIFT Developer profiles / CVs to pass on to our clients for their future recruitment campaigns.   Mission:   We are looking for an iOS/Swift developer responsible for the development and maintenance of applications aimed towards iOS and OS X, including mobile phones, tablets, and full. Plan, design and build advanced and build secure applications for iOS and OS X platform. Monitor the performance, quality, and responsiveness of company s applications. Work with the rest of the team to define, design, and develop new features. Find and fix bugs in a timely manner. Worked in Agile / SCRUM Methodology. Help maintain high-level code quality, organization and...",Non spécifié,Non spécifié,"CDI, CDD - Freelance",Abengourou - Abidjan - Aboisso - Adzopé - Agboville - Bondoukou -...,AGILE - CVS - GIT - MERCURIAL - REST - SCRUM - SWIFT,https://www.emploi.ci/offre-emploi-cote-ivoire/swift-developer-mf-1386355
Test and Validation Engineer (M/F),AFRICASHORE,"We are looking for Test and Validation Engineer profiles / CVs to pass on to our clients for their future recruitment campaigns.   Mission:   Develop and apply design verification and validation protocols based on system requirements and approved procedures and standards (ISO, IEC and FDA). Identify tasks required to complete projects in accordance with Design Control procedures. Propose technical solutions and associated schedules to complete projects on time. Design and build test benches; follow up maintenance and calibration. Create, analyse and summarise documentation of verification and validation results for internal reviews and regulatory submissions. Supervise and perform...",Non spécifié,Non spécifié,"CDI, CDD - Freelance",Abengourou - Abidjan - Aboisso - Adzopé - Agboville - Bondoukou -...,CVS - RHEL - SUSE,https://www.emploi.ci/offre-emploi-cote-ivoire/test-validation-engineer-mf-1386356
Test Automation Engineer (M/F),AFRICASHORE,"We are looking for Test Automation Engineer profiles / CVs to pass on to our clients for their future recruitment campaigns.   Mission:   Develop, maintain, and execute automation tests. Develop and maintain test automation architecture and frameworks. Write complex scripts in one or more programming languages. Ensure scalability of automation and Continuous Integration across the solution. Assist in analysis and piloting of best-in-class automation testing tools and propose commission and use to relevant stakeholders. Design and develop strategic automated tests while maintaining and enhancing frameworks and test tools. Reviews specifications to determine software engineering...",Non spécifié,Non spécifié,"CDI, CDD - Freelance",Abengourou - Abidjan - Aboisso - Adzopé - Agboville - Bondoukou -...,API - CVS - GIT - GITLAB - JAVASCRIPT - JENKINS - LINUX - MATRIX - MYSQL - ORACLE - PYTHON - SHELL - SQL,https://www.emploi.ci/offre-emploi-cote-ivoire/test-automation-engineer-mf-1386357
UX / UI Designer (M/F),AFRICASHORE,"We are looking for UX / UI Designer profiles / CVs to pass on to our clients for their future recruitment campaigns.   Mission:   Design graphic user interface elements, like menus, tabs, and widgets. Be in proactive mode to instill new approaches in design. Produce and enhance wireframes, interactive prototypes, user flow diagrams, and other UI-UX design solutions for Desktop & Mobile products. Create visuals for the web (editing, photo, video, etc.). Develop UI mockups and prototypes that clearly illustrate how sites function and look like. Create mock-ups in accordance with the graphic charter of the brand or product. Design interfaces for web and mobile. Build page...",Non spécifié,Non spécifié,"CDI, CDD - Freelance",Abengourou - Abidjan - Aboisso - Adzopé - Agboville - Bondoukou -...,AJAX - BOOTSTRAP - CSS - CVS - GIT - HTML - ILLUSTRATOR - JAVASCRIPT - PHOTOSHOP,https://www.emploi.ci/offre-emploi-cote-ivoire/ux-ui-designer-mf-1386358
AWS Cloud Architect (M/F),AFRICASHORE,"We are looking for  AWS Cloud Architect  profiles / CVs to share with our clients for their future recruitment campaigns.   Mission:   Support and advise clients in the adoption and deployment of AWS services (IT Strategy, Opportunity Study, Audit, Framework and Roadmap). Design solution platforms integrating AWS reference services (Serverless Architecture, Analytics, IoT, EKS, ...) in Native Cloud and Hybrid Cloud contexts. Conduct research, tests, and execute new techniques which could be reused and applied to the project. Accountable for designing, building, and optimizing automation systems that help to execute business web and data infrastructure platforms.",Non spécifié,Non spécifié,"CDI, CDD - Freelance",Abengourou - Abidjan - Aboisso - Adzopé - Agboville - Bondoukou -...,AGILE - ALM - BASH - CVS - DNS - DOCKER - HTTP - IOT - JENKINS - LOAD BALANCING - PUPPET - PYTHON - REACT - SCRUM - SSL,https://www.emploi.ci/offre-emploi-cote-ivoire/aws-cloud-architect-mf-1386359
AWS Solutions Architect (M/F),AFRICASHORE,"We are looking for  AWS Solutions Architect profiles / CVs to share with our clients for their future recruitment campaigns.   Mission:   Design a robust, secure and optimized AWS architecture to implement large scale enterprise data solutions and applications. Develop and deliver AWS Cloud solutions in areas such as AIML, advanced analytics, microservices, serverless, etc. Build highly scalable, Cloud-native applications on AWS platform using services like API Gateway, Lambda, SQS, DynamoDB and ECS. Implement and manage KuberNetes environments. Ensure configuration and compliance with configuration management tools. Administer and troubleshoot Linux based...",Non spécifié,Non spécifié,"CDI, CDD - Freelance",Abengourou - Abidjan - Aboisso - Adzopé - Agboville - Bondoukou -...,API - BIG DATA - CENTOS - CVS - DMS - DNS - DOCKER - HADOOP - HTTP - LINUX - RDS - SPARK - TALEND,https://www.emploi.ci/offre-emploi-cote-ivoire/aws-solutions-architect-mf-1386360
AZURE Solutions Architect (M/F),AFRICASHORE,"We are looking for  AZURE Solutions Architect profiles / CVs to share with our clients for their future recruitment campaigns.   Mission:   Serve as in-house technical expert providing technical guidance on new features & functionalities, drive the deployment of the customers workloads into Azure and provide deployment guidance. Deliver Cloud platform architecture documents detailing the vision for how Azure infrastructure and platform services support the overall application architecture. Proven background in the design and implementation of large scale, global, complex custom application development systems (e.g., high transaction volumes). Experience problem solving...",Non spécifié,Non spécifié,"CDI, CDD - Freelance",Abengourou - Abidjan - Aboisso - Adzopé - Agboville - Bondoukou -...,ACCESS - AGILE - ARM - AZURE - COSMOS - CVS - PAAS - REDIS - SHELL - SQL,https://www.emploi.ci/offre-emploi-cote-ivoire/azure-solutions-architect-mf-1386361
Cloud Architect (M/F),AFRICASHORE,"We are looking for  Cloud Architect profiles / CVs to share with our clients for their future recruitment campaigns.   Mission:   Lead analysis, recommendations, and presentation of approaches on Cloud migration roadmaps, architecture / designs etc. Involve in conducting Azure readiness assessments and evaluations and delivery of assessment reports, architecture/design/ deployment documents & presentations. Architecting Cloud solutions for new applications. Design Cloud architectures, environments, and solutions that meet the business requirements with an emphasis on meeting the overall business goals. Design highly available, scalable and secure solutions using...",Non spécifié,Non spécifié,"CDI, CDD - Freelance",Abengourou - Abidjan - Aboisso - Adzopé - Agboville - Bondoukou -...,AGILE - API - ARM - AZURE - C# - COSMOS - CVS - LESS - NOSQL - PAAS - SQL - VM,https://www.emploi.ci/offre-emploi-cote-ivoire/cloud-architect-mf-1386362
Cloud Computing and Virtualization Engineer (M/F),AFRICASHORE,"We are looking for  Cloud Computing and Virtualization Engineer profiles / CVs to share with our clients for their future recruitment campaigns.   Mission:   Must be able to work independently and take ownership. Work proactively and should be result oriented. Discuss with customer to understand the project requirement and suggest industry level Cloud solutions. Design and develop best fit Cloud solutions architecture, Network architecture and evaluate architectural alternatives. Provide technical support for Cloud architecture design, deployment and maintenance. Design secure, scalable and HA / DR strategies on Cloud technologies. Analyse and resolve...",Non spécifié,Non spécifié,"CDI, CDD - Freelance",Abengourou - Abidjan - Aboisso - Adzopé - Agboville - Bondoukou -...,AZURE - CVS - DOCKER - LINUX,https://www.emploi.ci/offre-emploi-cote-ivoire/cloud-computing-virtualization-engineer-mf-1386363
Cloud Engineer (M/F),AFRICASHORE,We are looking for  Cloud Engineer   profiles / CVs to share with our clients for their future recruitment campaigns.   Mission:   Implement IAM policies and configure VPCs to create a scalable and secure Network for the application workloads. Develop and manage AWS development and migration programs. Build Data Integration scripts using Python to integrate with upstream/downstream systems (within AWS Cloud Services ecosystem). Develop application code for programs while following coding standards.  Resolve queries/issues and provide Application/functional support. Recommend changes to improve established Data Integration processes. Provides...,Non spécifié,Non spécifié,"CDI, CDD - Freelance",Abengourou - Abidjan - Aboisso - Adzopé - Agboville - Bondoukou -...,API - ARM - BGP - CVS - IAM - PUPPET - PYTHON - RDS - REST,https://www.emploi.ci/offre-emploi-cote-ivoire/cloud-engineer-mf-1386364
Cloud Microservices Architect (M/F),AFRICASHORE,"We are looking for  Cloud Microservices Architect profiles / CVs to share with our clients for their future recruitment campaigns.   Mission:   Design, build, and maintain Cloud environments focusing on uptime, access, control, and Network security using automation and configuration management tools. Guide the definition of best practices in collaboration with other areas of engineering group. Research and provide guidance on adoption of new technologies. Provide guidance to Product Managers on feasibility pf product requests. You will be creating, recreating, rewriting and refactor applications. You will be working on Cloud-based application development...",Non spécifié,Non spécifié,"CDI, CDD - Freelance",Abengourou - Abidjan - Aboisso - Adzopé - Agboville - Bondoukou -...,ACCESS - AGILE - AZURE - CVS - DOCKER,https://www.emploi.ci/offre-emploi-cote-ivoire/cloud-microservices-architect-mf-1386365
Cloud System Administrator (M/F),AFRICASHORE,"We are looking for  Cloud System Administrator profiles / CVs to share with our clients for their future recruitment campaigns.   Mission:   Installing, configuring and maintain softwares, servers (on premise / Cloud), Networks and firewalls . Overseeing/troubleshoot system performance, troubleshooting issues and outages Creating a backup and safeguarding the data(on premise / Cloud) if there are any hindrances Performing system upgrades following new releases. Ensuring/Sustaining Network integrity, server deployment, security and efficiency of IT infrastructure . Monitoring and maintaining Network servers such as file servers, VPN gateways and intrusion detection systems...",Non spécifié,Non spécifié,"CDI, CDD - Freelance",Abengourou - Abidjan - Aboisso - Adzopé - Agboville - Bondoukou -...,AZURE - CENTOS - CVS - DOCKER - LINUX - PERL - PREMISE - PYTHON - REDHAT - VPN - WAN,https://www.emploi.ci/offre-emploi-cote-ivoire/cloud-system-administrator-mf-1386366
Cloud System Integrator (M/F),AFRICASHORE,We are looking for Cloud System Integrator profiles / CVs to share with our clients for their future recruitment campaigns.   Mission: Create future-proof system architectures for our highly interconnected 4G/5G communication solutions. Define competitive end-to-end solutions together with top experts from different teams in an international environment. Demonstrate strong understanding of Networking and security architectures and engage in technical discussions with Network and security architects of large enterprises. Present both industry and Zscaler technical architecture as it relates to customers and prospects environment and technical requirements. Ensure that our solutions fit smoothly...,Non spécifié,Non spécifié,"CDI, CDD - Freelance",Abengourou - Abidjan - Aboisso - Adzopé - Agboville - Bondoukou -...,AGILE - CVS,https://www.emploi.ci/offre-emploi-cote-ivoire/cloud-system-integrator-mf-1386367
Cyber Security Engineer (M/F),AFRICASHORE,We are looking for Cyber Security Engineer profiles / CVs to share with our clients for their future recruitment campaigns.   Mission: Act as an internal subject matter expert with respect to CVA scanning and reporting. Assist in maintenance of the enterprise to VMLC (Vulnerability Management Life Cycle) policy and associated VM standard. Conduct required tasks for the vulnerability scanning program and publish reported vulnerabilities to impacted teams for remediation. Triage and risk rank vulnerabilities according to severity and exposure. Work with Product and IT teams to risk rank and patch vulnerabilities related to the technology stack. Develop remediation plans for vulnerabilities....,Non spécifié,Non spécifié,"CDI, CDD - Freelance",Abengourou - Abidjan - Aboisso - Adzopé - Agboville - Bondoukou -...,CVS - ENDPOINT - IDEAL - JAVASCRIPT - PYTHON - VM,https://www.emploi.ci/offre-emploi-cote-ivoire/cyber-security-engineer-mf-1386368
DATASTAGE Architect (M/F),AFRICASHORE,"We are looking for DATASTAGE Architect profiles / CVs to share with our clients for their future recruitment campaigns.   Mission: Define and supervise all activities within your scope by using and optimising the resources allocated. Control the implementation of the activities under your responsibility and report on the results. Responsible for the level of service quality, compliance with standards and the level of safety within the assigned perimeter. Supervise and monitor of assigned projects (monitoring of workloads, definition of deadlines and delivery milestones, identification of deliverables and work to be carried out, task planning, monitoring of work, management of corrective measures,...",Non spécifié,Non spécifié,"CDI, CDD - Freelance",Abengourou - Abidjan - Aboisso - Adzopé - Agboville - Bondoukou -...,AZURE - CVS - DATASTAGE - INFORMATICA - J2EE - JAVA - MONGODB - ORACLE - SQL - TALEND,https://www.emploi.ci/offre-emploi-cote-ivoire/datastage-architect-mf-1386369
GENESYS Architect (M/F),AFRICASHORE,"We are looking for GENESYS Architect profiles / CVs to share with our clients for their future recruitment campaigns.   Mission: Deep and relevant expertise on Genesis Cloud services, along with contact center industry experience. Be the direct point of technical contact to provide high-quality consultancy for Genesys solutions to customers. Develop and maintain integration and Cloud solutions. Knowledge and experience on Cloud computing models (IaaS, PaaS, and SaaS). Experience with software development and one or more development or scripting languages (e.g. Java. Golang, Python, JavaScript, TypeScript, Bash, PowerShell). Self-starter with deep hands-on work experience with production...",Non spécifié,Non spécifié,"CDI, CDD - Freelance",Abengourou - Abidjan - Aboisso - Adzopé - Agboville - Bondoukou -...,BASH - CVS - GENESYS - JAVA - JAVASCRIPT - PAAS - POWERSHELL - PYTHON - VMWARE,https://www.emploi.ci/offre-emploi-cote-ivoire/genesys-architect-mf-1386370
Network Architect (M/F),AFRICASHORE,We are looking for Network Architect profiles / CVs to share with our clients for their future recruitment campaigns.   Mission: Deliver Core Backbone Network Designs in alignment with industry best practices. Deliver Customer Network Designs in alignment with industry best practices. Support and Alignment with Internal Teams. Contributor to Automation Stakeholders to deliver speed and accuracy for the enablement of new services. Perform Core Network Changes. Manage technical Network solutions and framework of [24]7 Network infrastructure. Perform Network troubleshooting to isolate and diagnose common Network problems. Upgrade Network hardware and software components as required...,Non spécifié,Non spécifié,"CDI, CDD - Freelance",Abengourou - Abidjan - Aboisso - Adzopé - Agboville - Bondoukou -...,BGP - CISCO - CVS - DHCP - DNS - ETHERNET - JUNIPER - MPLS - PYTHON - SNMP - TCP IP - WAN,https://www.emploi.ci/offre-emploi-cote-ivoire/network-architect-mf-1386371
DBA IMS/DB2 Z/OS(H/F),AFRICASHORE,"Nous recherchons des profils / CV de DBA IMS/DB2 Z/OS (H/F) pour les transmettre à nos clients dans le cadre de leurs futures campagnes de recrutement.   Mission :   Assistance au développement technique Z/OS. Maintenance des projets, support aux analystes Z. Mise en œuvre opérationnelle des projets de développement. Assurer le maintien en conditions opérationnelles. Réaliser la maintenance (mise à jour de versions, patchs management). Construction de nouveaux socles techniques. Traitement et incidents de niveau 3. Suivi et analyse des performances.",Non spécifié,Non spécifié,"CDI, CDD - Freelance",Abengourou - Abidjan - Aboisso - Adzopé - Agboville - Bondoukou -...,ASSEMBLEUR - COBOL - DB2 - FORTRAN - ISPF - JCL - SAS - SDSF - TCP IP - TSO - TWS - VSAM,https://www.emploi.ci/offre-emploi-cote-ivoire/dba-imsdb2-zoshf-1386372
Z/OS System Engineer Senior Storage(H/F),AFRICASHORE,"Nous recherchons des profils / CV de Z/OS System Engineer Senior Storage (H/F) pour les transmettre à nos clients dans le cadre de leurs futures campagnes de recrutement. Mission :   Mise en œuvre, suivi et gestion technique opérationnelle des opérations, Enrichissement et rechargement des environnements Mainframe z/OS d’homologation et de répétition de bascules. Définition des partitions (création du socle, SGBD, middlewares transactionnels et flux, service techniques, sécurité), clonage et alimentation de données, interopération avec les environnements mainframe et distribués (non mainframe)....",Non spécifié,Non spécifié,"CDI, CDD - Freelance",Abengourou - Abidjan - Aboisso - Adzopé - Agboville - Bondoukou -...,CICS - DB2 - IBM - JCL - MVS - TSO - VSAM - ZOS,https://www.emploi.ci/offre-emploi-cote-ivoire/zos-system-engineer-senior-storagehf-1386373
Ingénieur Système Z/OS Middleware (H/F),AFRICASHORE,"Nous recherchons des profils / CV de Ingénieur Système Z/OS Middleware (H/F ) pour les transmettre à nos clients dans le cadre de leurs futures campagnes de recrutement.   Mission :   Ingénieur système Z/OS expérimenté, être capable d'installer, de paramétrer, d'activer et d'exécuter tant l'investigation et la résolution des problèmes des produits habituellement utilisés dans un environnement z/OS. Equipe en charge de la gestion d'un environnement mainframe (HW / SW) incluant la sécurité associée (RACF), le stockage (DASD, Tape, B&R, DRP), la conformité, la mé...",Non spécifié,Non spécifié,"CDI, CDD - Freelance",Abengourou - Abidjan - Aboisso - Adzopé - Agboville - Bondoukou -...,ASSEMBLEUR - COBOL - JAVA - LDAP - NETVIEW - TCP IP - TWS - VTAM,https://www.emploi.ci/offre-emploi-cote-ivoire/ingenieur-systeme-zos-middleware-hf-1386374
Consultant SAP ABAP (H/F),AFRICASHORE,"Nous recherchons un Consultant SAP ABAP (H/F) pour notre client, une société multinationale dans le domaine des services informatiques.   Mission :   Assurer la liaison avec les équipes de livraison pour aider à développer l'activité autour des caractéristiques techniques à venir, conformément à la stratégie et aux objectifs de l'organisation. Participation aux phases de conception et réalisation des développements. Mentorat des membres juniors de l'équipe ABAP ou de l'équipe technique au sein de l'organisation. Vous êtes en charge de la construction d'actifs et d'accélé...",Non spécifié,Non spécifié,CDI - Freelance,Abengourou - Abidjan - Aboisso - Adzopé - Agboville - Bondoukou -...,ABAP - SAP,https://www.emploi.ci/offre-emploi-cote-ivoire/consultant-sap-abap-hf-1417099
Consultant SAP FI-CO/PS (H/F),AFRICASHORE,"Nous recherchons un Consultant SAP FI-CO/PS (H/F) pour notre client, une société multinationale dans le domaine des services informatiques.   Mission :   Concevoir, mettre en œuvre, déployer et soutenir les solutions financières SAP pour la finance, la comptabilité, le contrôle des coûts et le contrôle de gestion. Maintenir les compétences dans la conception et la configuration des processus des applications SAP ; la conception, le développement, l'intégration, les tests et le déploiement des applications SAP ; et l'architecture technique des applications SAP. Comprendre les exigences de l'entreprise afin de...",Non spécifié,Non spécifié,CDI - Freelance,Abengourou - Abidjan - Aboisso - Adzopé - Agboville - Bondoukou -...,SAP,https://www.emploi.ci/offre-emploi-cote-ivoire/consultant-sap-fi-cops-hf-1417100
Consultant SAP EHS (H/F),AFRICASHORE,"Nous recherchons un Consultant SAP EHS (H/F) pour notre client, une société multinationale dans le domaine des services informatiques.   Mission :   Définir le champ d'application et les priorités opérationnelles pour les changements à petite échelle et peut participer à des exercices de définition du champ d'application à plus grande échelle. Spécifier et documenter les exigences opérationnelles selon les instructions, en assurant la traçabilité jusqu'à la source. Les analysées pour s'assurer qu'elles correspondent aux objectifs de l'entreprise et qu'elles sont cohérentes...",Non spécifié,Non spécifié,CDI - Freelance,Abengourou - Abidjan - Aboisso - Adzopé - Agboville - Bondoukou -...,REACH - SAP,https://www.emploi.ci/offre-emploi-cote-ivoire/consultant-sap-ehs-hf-1417101
Consultant SAP Senior (H/F),AFRICASHORE,"Nous recherchons un Consultant SAP Sénior (H/F) pour notre client, une société multinationale dans le domaine des services informatiques.   Mission :   Participer aux études préalables et à l'élaboration des cahiers des charges. Mener de bout en bout les enrichissements/projets validés au carnet de travail Logistique SAP Achats, Stocks voire Production Planning (conception, paramétrage, réalisation, tests, conduite du changement, formation, support post go-live…) avec un fort engagement de résultat et une forte interaction avec les correspondants métiers. Participer au développement et au...",Non spécifié,Non spécifié,CDI - Freelance,Abengourou - Abidjan - Aboisso - Adzopé - Agboville - Bondoukou -...,ABAP - SAP,https://www.emploi.ci/offre-emploi-cote-ivoire/consultant-sap-senior-hf-1417102
Consultant SAP MM/SD/EWM/PP/QM/CAR (H/F),AFRICASHORE,"Nous recherchons un Consultant SAP MM/SD/EWM/PP/QM/CAR (H/F) pour notre client, une société multinationale dans le domaine des services informatiques.   Mission :   Accompagner et soutenir nos utilisateurs sur leurs activités et problématiques quotidiennes en étant force de proposition pour l’amélioration continue de la solution. Mener de bout en bout les enrichissements/projets validés au carnet de travail Logistique SAP Achats, Stocks voire Production Planning (conception, paramétrage, réalisation, tests, conduite du changement, formation, support post go-live…) avec un fort engagement de résultat et une forte...",Non spécifié,Non spécifié,CDI - Freelance,Abengourou - Abidjan - Aboisso - Adzopé - Agboville - Bondoukou -...,SAP,https://www.emploi.ci/offre-emploi-cote-ivoire/consultant-sap-mmsdewmppqmcar-hf-1417103
Lead Développeur Java JEE (H/F),AFRICASHORE,"Nous recherchons un Lead Développeur Java JEE (H/F) pour notre client, une société multinationale dans le domaine des services informatiques.   Poste & Mission :   Intégré-e dans la Direction R&D au sein du service d’Architecture Technique des équipes de Développement, en charge de domaines techniques précis, votre périmètre comprend.   Conception et développements techniques sur des technologies java/JEE ; Evolution et maintenance du Framework du progiciel ; Instruction et débogage des problèmes techniques avancés ; Participation au chiffrage et à la conception...",Non spécifié,Non spécifié,CDI - Freelance,Abengourou - Abidjan - Aboisso - Adzopé - Agboville - Bondoukou -...,AGILE - CSS - ECLIPSE - HIBERNATE - HTML - JAVA - JAVA JEE - JAVASCRIPT - JENKINS - JUNIT - MAVEN - SPRING - UML,https://www.emploi.ci/offre-emploi-cote-ivoire/lead-developpeur-java-jee-hf-1417104
Assistante de Direction - Abidjan Riviera Bonoumin,KAMIIRI,"Le dirigeant est à la tête d’un groupe diversifié, actif dans plusieurs secteurs : Nettoyage professionnel : Prestations de propreté pour entreprises et particuliers. Communication : Une agence spécialisée dans le marketing et les stratégies de marque. Retail : Gestion et développement de plusieurs magasins. Nous sommes à la recherche d'une  Assistante de Direction. Dans ce contexte dynamique, l’assistante jouera un rôle clé pour assurer la fluidité des activités et accompagner le dirigeant dans sa gestion multi-sectorielle. Missions principales : Gestion administrative et organisationnelle : Gérer l’agenda et coordonner ses déplacements entre les différentes activités. Assurer le...",Non spécifié,Non spécifié,CDI,Abidjan,Archivage - Assistanat - Communication - CRM - Gestion Administrative - Marketing - POWERPOINT - Secrétariat - Support - Vente - WORD,https://www.emploi.ci/offre-emploi-cote-ivoire/assistante-direction-abidjan-riviera-bonoumin-1502824
Techniciens de Nettoyage - Abidjan Et Banlieue,CLINIMMO,"Nous sommes à la recherche des  Techniciens de Nettoyage. Missions : Entretien des locaux: Nettoyage des sols, des surfaces, des sanitaires, des vitres, etc. Utilisation de matériel spécifique: Aspirateurs, machines à nettoyer les sols, produits d'entretien professionnels. Respect des normes d'hygiène et de sécurité: Application des protocoles de nettoyage, port des équipements de protection individuelle. Gestion des déchets: Tri sélectif, évacuation des déchets. Travaux complémentaires: Désinfection, décapage, lustrage.",Non spécifié,Non spécifié,CDI & CDD,Abidjan,Entretien - Nettoyage,https://www.emploi.ci/offre-emploi-cote-ivoire/techniciens-nettoyage-abidjan-banlieue-1498019
Assistant(e) Meal - Daloa,SAVE THE CHILDREN INTERNATIONAL,"L’Assistant (e ) MEAL, a pour responsabilité d’assister le MEAL Coordinator du projet CACAO dans la mise en œuvre des activités MEAL du projet CACAO au niveau des zones intervention du projet. Il /Elle doit contribuer de façon efficace à la collecte des données, au suivi des activités du projet CACAO, à la formulation des résultats des leçons apprises et de bonnes pratiques en vue du développement du projet. Il /Elle sera en outre chargé (e ) de la mise en œuvre et de la collecte des données en rapport avec les aspects de redevabilité aussi bien au sein du projet qu’au sein des sociétés coopératives et des communautés.  Il/Elle devra également démontrer des compétences significatives en...",Non spécifié,Non spécifié,CDD,Daloa,Non spécifié,https://www.emploi.ci/offre-emploi-cote-ivoire/assistante-meal-daloa-1497482
Commercial Terrain - Abidjan,SULFUR SARL,"Nous recherchons un(e) Commercial(e) Terrain dynamique et motivé(e) pour rejoindre notre équipe et promouvoir nos produits agroalimentaires. Missions : Vous serez responsable de développer notre portefeuille clients, d’augmenter nos ventes et de renforcer notre présence sur le marché. Prospecter de nouveaux clients et développer des relations solides avec les clients existants. Présenter et promouvoir nos produits auprès des détaillants, grossistes et autres partenaires commerciaux. Analyser les besoins des clients et proposer des solutions adaptées. Atteindre et dépasser les objectifs de vente fixés par la direction. Si vous êtes passionné(e) par la vente et que vous souhaitez contribuer à la croissance de...",Non spécifié,Non spécifié,"CDI, CDD & Stage",Abidjan,Communication - Communication de Produit - Gestion de la Force de Vente - Négociation - Négociation Commerciale - Service Après-Vente - Techniques de Vente - Vente,https://www.emploi.ci/offre-emploi-cote-ivoire/commercial-terrain-abidjan-1498855
Stagiaire Commercial - Abidjan,KLEM IVOIRE SERVICE SARL,Nous sommes à la recherche des  Stagiaires Commerciaux. Mission : Prospecter de nouveaux clients pour l'entreprise en btob et btoc,Non spécifié,Non spécifié,Stage,Abidjan,Gestion Commerciale,https://www.emploi.ci/offre-emploi-cote-ivoire/stagiaire-commercial-abidjan-1499040
Responsable de la Construction - Abidjan,THE HALO TRUST CI,"Nous sommes à la recherche d'un  Responsable de la Construction. Missions : Sous la supervision du Directeur mondial de la construction, vous serez responsable de l'évaluation, de la planification et de la supervision des travaux de construction dans le cadre du projet WAM de HALO Côte d'Ivoire. Le Responsable de la construction doit travailler avec les entrepreneurs chargés de l'exécution des travaux qu’il devra superviser directement ; il aura en charge la gestion des aspects liés à la santé et la sécurité, la qualité et les délais et le suivi de l'avancement des activités sur le site. Le candidat devra être à l'aise pour travailler dans des environnements stressants et de haute...",Non spécifié,Non spécifié,CDD,Abidjan,AUTOCAD - BTP - Construction,https://www.emploi.ci/offre-emploi-cote-ivoire/responsable-construction-abidjan-1500181
Stagiaire pour Validation DUT / BTS / Licence / Master - Abidjan,LA CONIERGERIE DJEMBEY,"Si vous venez d'obtenir votre diplôme et souhaitez compléter vos connaissances théoriques par un apprentissage pratique dans une environnement stimulant avec des challenges à relever ? Vous êtes au bon endroit. Dans le cadre de nos activités, nous recrutons des profils en quête de première expérience pour valider leurs diplômes et pourquoi pas continuer sur une longue et belle carrière chez nous. Missions : Vos missions au quotidien relèveront de votre formation initiale avec des missions support.",Non spécifié,Non spécifié,"Stage, Freelance, Alternance & Temps partiel",Abidjan & Bouaké,Actions Commerciales - Actions Marketing - Business Communication - Communication - Communication Digitale - Comptabilité - Conciergerie - Content Marketing - Contenu Web - CRM - Gestion - Gestion des Ressources Humaines - Infographie - Management - Marketing - Marketing des Ventes,https://www.emploi.ci/offre-emploi-cote-ivoire/stagiaire-validation-dut-bts-licence-master-abidjan-1500039
Coordinateur de Travaux en Menuiserie Aluminium - Abidjan,DMO GROUPE,"Nous recrutons un Coordinateur de Travaux en Menuiserie Aluminium . Si vous avez au minimum un BTS en bâtiment, une solide expérience, et de très bonnes connaissances en  façades et menuiserie aluminium, ce poste est fait pour vous ! Missions principales : Superviser et coordonner les travaux de façade en menuiserie aluminium Assurer le respect des normes de qualité, de sécurité, et des délais Collaborer efficacement avec les équipes sur le terrain et gérer les problématiques techniques",Non spécifié,Non spécifié,CDD & Intérim,Abidjan,Menuiserie - Menuiserie Aluminium,https://www.emploi.ci/offre-emploi-cote-ivoire/coordinateur-travaux-menuiserie-aluminium-abidjan-1500042
