Titre,Date de clôture,Lieu de travail,Sexe,Niveau,Description
SELECTION DE 2488 JEUNES DANS LE CADRE DES TRAVAUX A HAUTE INTENSITE DE MAIN D’ŒUVRE (THIMO),Date de clôture: 26/12/2024,"ZAGUIETA, BONON, GOHITAFLA, ZUENOULA, ZANZRA, IRIEFLA, VOUEBOUFLA",MASCULIN,AUCUN,"Curage de caniveaux ;
Balayage des rues ;
Aménagement et Entretien des espaces verts ;
Ramassage des ordures ;
Participer aux formations en techniques entrepreneuriales et en montage de projet"
SELECTION DE 2488 JEUNES DANS LE CADRE DES TRAVAUX A HAUTE INTENSITE DE MAIN D’ŒUVRE (THIMO),Date de clôture: 30/11/2024,"MORONDO, KANI, WOROFLA, TEGUELA, DIARABANA, SEGUELA, MASSALA, DUALLA. SIFIE, DJIBROSSO",MASCULIN,AUCUN,"Curage de caniveaux ;
Balayage des rues ;
Aménagement et Entretien des espaces verts ;
Ramassage des ordures ;
Participer aux formations en techniques entrepreneuriales et en montage de projet"
GESTIONNAIRE DE PORTEFEILLE,Date de clôture: 04/10/2024,YOPOUGON,,BAC+2,"-ELABORER ET PLANIFIER DES STRATEGIES POUR RENFORCER LE CAPITALE, PARTICIPER A LA DEFINITION DES OBJECTIF
-COORDONNER ET SUIVRE LES PROJETS MIT EN OEUVRE PAR L'EQUIPE COMMERCIAL"
SELECTION DE 2488 JEUNES DANS LE CADRE DES TRAVAUX A HAUTE INTENSITE DE MAIN D’ŒUVRE (THIMO),Date de clôture: 18/09/2024,AFFERY,MASCULIN,,"Curage de caniveaux ;
Balayage des rues ;
Aménagement et Entretien des espaces verts ;
Ramassage des ordures ;
Participer aux formations en techniques entrepreneuriales et en montage de projet"
