Titre,Date de clôture,Lieu de travail,Sexe,Description
STAGIAIRE ASSITANT RESEAU INFORMATIQUE ET TELECOMMUNICATION,Date de clôture: 04/09/2024,ANGRE,MASCULIN,
STAGIAIRE ASSISTANT LOGISTIQUE,Date de clôture: 18/09/2024,ANGRE,FEMININ,
STAGIAIRE AUXILIAIRE EN PHARMACIE,Date de clôture: 04/09/2024,MARCORY REMBLAIS,FEMININ,
ASSISTANTE COMPTABLE,Date de clôture: 17/09/2024,BONDOUKOU,FEMININ,
CAISSIERE,Date de clôture: 17/09/2024,BONDOUKOU,MASCULIN,
COMMERCIAL,Date de clôture: 27/09/2024,BONDOUKOU,MASCULIN,
RECEPTIONNISTE,Date de clôture: 04/09/2024,GAGNOA,MASCULIN,
SECRETAIRE,Date de clôture: 27/09/2024,BONDOUKOU,MASCULIN,
ASSISTANT COMPTABLE,Date de clôture: 31/10/2024,BONDOUKOU,MASCULIN,
STAGIAIRE TECHNICIEN AGRICOLE,Date de clôture: 12/09/2024,GAGNOA,MASCULIN,
Responsable stérilisation en bloc opératoire,Date de clôture: 08/09/2024,COCODY,MASCULIN,
STAGIAIRE ASSISTANTE DE DIRECTION,Date de clôture: 11/09/2024,TREICHVILLE AVENUE 13 RUE 25,FEMININ,
Buandier,Date de clôture: 18/09/2024,COCODY,MASCULIN,
Brancardier,Date de clôture: 18/09/2024,COCODY,MASCULIN,
STAGIAIRE EN TOURISME ET VOYAGE,Date de clôture: 20/09/2024,TREICHVILLE AVENUE 16 RUE 25,MASCULIN,
STAGIAIRE COMPTABLE,Date de clôture: 11/09/2024,AVENUE 16 RUE 25,MASCULIN,
STAGIAIRE ASSISTANT COMPTABLE,Date de clôture: 23/09/2024,DALOA,MASCULIN,
STAGIAIRE AUXILIAIRE EN PHARMACIE,Date de clôture: 11/09/2024,TREICHVILLE AVENUE16 RUE25,MASCULIN,
STAGIARE AGENT COMMERCIAL,Date de clôture: 30/10/2024,BOUAKE,MASCULIN,
STAGIAIRE EN RESSOURCES HUMAINES ET COMMUNICATION,Date de clôture: 06/09/2024,TOUMODI,,
STAGIAIRE SECRETAIRE,Date de clôture: 18/09/2024,"ABIDJAN,COCODY II PLATEAUX AGHIEN,BLOC C,VILLA 162",FEMININ,
STAGIAIRE INFORMATICIEN RESEAU,Date de clôture: 15/09/2024,FAYA BINGERVILLE,MASCULIN,
STAGIAIRE SANITAIRE ET SOCIAL,Date de clôture: 09/09/2024,FERKESSEDOUGOU,MASCULIN,
SELECTION DE 2012 JEUNES DANS LE CADRE DES TRAVAUX A HAUTE INTENSITE DE MAIN D’ŒUVRE (THIMO),Date de clôture: 18/09/2024,KOUIBLY,MASCULIN,
STAGIAIRE ASSISTANT-JURISTE,Date de clôture: 19/09/2024,"ABIDJAN,COCODY II PLATEAUX AGHIEN,BLOC C, VILLA 162",MASCULIN,
SELECTION DE 2012 JEUNES DANS LE CADRE DES TRAVAUX A HAUTE INTENSITE DE MAIN D’ŒUVRE (THIMO),Date de clôture: 15/12/2024,ALHOSSO,MASCULIN,
SELECTION DE 2012 JEUNES DANS LE CADRE DES TRAVAUX A HAUTE INTENSITE DE MAIN D’ŒUVRE (THIMO),Date de clôture: 23/11/2024,"PAKOUABO, N'DOUFFOUKANKRO",MASCULIN,
EDUCATRICE PRESCOLAIRE,Date de clôture: 27/09/2024,BOUAKE NIMBO,MASCULIN,
STAGIAIRE TECHNICIEN BTP,Date de clôture: 17/09/2024,"COCODY RIVIERA, FAYA",MASCULIN,
SELECTION DE 2488 JEUNES DANS LE CADRE DES TRAVAUX A HAUTE INTENSITE DE MAIN D’ŒUVRE (THIMO),Date de clôture: 18/09/2024,"ASSUEFRY, KOUASSIA NIAGUINI, TRANSUA, YOROBODI, SANDEGUE, DIMANDOUGOU, TANDA, DIAMBA, TABAGNE, SAPLI SEPANGO, TIEDO",MASCULIN,
STAGIAIRE COMMERCIAL,Date de clôture: 16/09/2024,"COCODY RIVIERA, FAYA",MASCULIN,
SELECTION DE 2488 JEUNES DANS LE CADRE DES TRAVAUX A HAUTE INTENSITE DE MAIN D’ŒUVRE (THIMO),Date de clôture: 08/12/2024,"SIKENSI, TIASSALE",MASCULIN,
SELECTION DE 2488 JEUNES DANS LE CADRE DES TRAVAUX A HAUTE INTENSITE DE MAIN D’ŒUVRE (THIMO),Date de clôture: 21/11/2024,"SONGON, YOPOUGON",MASCULIN,
STAGIAIRE INFOGRAPHE,Date de clôture: 17/09/2024,COCODY RIVIERA FAYA,MASCULIN,
STAGIAIRE JURISTE,Date de clôture: 17/09/2024,COCODY RIVIERA FAYA,MASCULIN,
SELECTION DE 2488 JEUNES DANS LE CADRE DES TRAVAUX A HAUTE INTENSITE DE MAIN D’ŒUVRE (THIMO),Date de clôture: 14/11/2024,"DALOA, GONATE, BEDIALA, DOMANGBEU, GREGBEU, ZOUKOUGBEU, GUESSABO, ISSIA,VAVOUA, DANIA",MASCULIN,
STAGIAIRE COMPTABLE,Date de clôture: 17/09/2024,COCODY RIVIERA FAYA,MASCULIN,
SELECTION DE 2488 JEUNES DANS LE CADRE DES TRAVAUX A HAUTE INTENSITE DE MAIN D’ŒUVRE (THIMO),Date de clôture: 26/12/2024,"ZAGUIETA, BONON, GOHITAFLA, ZUENOULA, ZANZRA, IRIEFLA, VOUEBOUFLA",MASCULIN,
SELECTION DE 2488 JEUNES DANS LE CADRE DES TRAVAUX A HAUTE INTENSITE DE MAIN D’ŒUVRE (THIMO),Date de clôture: 30/11/2024,"MORONDO, KANI, WOROFLA, TEGUELA, DIARABANA, SEGUELA, MASSALA, DUALLA. SIFIE, DJIBROSSO",MASCULIN,
GESTIONNAIRE DE PORTEFEILLE,Date de clôture: 04/10/2024,YOPOUGON,,
SELECTION DE 2488 JEUNES DANS LE CADRE DES TRAVAUX A HAUTE INTENSITE DE MAIN D’ŒUVRE (THIMO),Date de clôture: 18/09/2024,AFFERY,MASCULIN,
