Titre,Lien,Publié le,Date limite,Localisation,Description
ASSISTANT RH,https://www.agenceemploijeunes.ci/site/offres-emplois/44039,21 01 2025,31 01 2025,ZOUAN-HOUN.,- ASSISTER AUX RECRUTEMENTS - ASSURER LA JONCTION ENTRE LA DIRECTION ET LES COLLABORATEURS - RECEPTIONS DES DOSSIERS DE CANDIDATURE - ASSISTE...
GESTIONNAIRE DE STOCK,https://www.agenceemploijeunes.ci/site/offres-emplois/44038,21 01 2025,31 01 2025,ZOUAN-HOUN.,- ASSISTER AUX RECRUTEMENTS - ASSURER LA JONCTION ENTRE LA DIRECTION ET LES COLLABORATEURS - RECEPTIONS DES DOSSIERS DE CANDIDATURE - ASSISTE...
CONDUCTEUR D'ENGIN SINOTRUCK,https://www.agenceemploijeunes.ci/site/offres-emplois/44036,21 01 2025,31 01 2025,ZOUAN-HOUN.,- ASSISTER AUX RECRUTEMENTS - ASSURER LA JONCTION ENTRE LA DIRECTION ET LES COLLABORATEURS - RECEPTIONS DES DOSSIERS DE CANDIDATURE - ASSISTE...
Responsable des Ressources Humaines,https://www.agenceemploijeunes.ci/site/offres-emplois/44033,21 01 2025,31 01 2025,ZOUAN-HOUN.,- ASSISTER AUX RECRUTEMENTS - ASSURER LA JONCTION ENTRE LA DIRECTION ET LES COLLABORATEURS - RECEPTIONS DES DOSSIERS DE CANDIDATURE - ASSISTE...
Responsable Bureau d’Étude - Construction Métallique,https://www.agenceemploijeunes.ci/site/offres-emplois/44032,21 01 2025,31 01 2025,ZOUAN-HOUN.,- ASSISTER AUX RECRUTEMENTS - ASSURER LA JONCTION ENTRE LA DIRECTION ET LES COLLABORATEURS - RECEPTIONS DES DOSSIERS DE CANDIDATURE - ASSISTE...
Responsable Technique - Construction Métallique,https://www.agenceemploijeunes.ci/site/offres-emplois/44031,21 01 2025,31 01 2025,ZOUAN-HOUN.,- ASSISTER AUX RECRUTEMENTS - ASSURER LA JONCTION ENTRE LA DIRECTION ET LES COLLABORATEURS - RECEPTIONS DES DOSSIERS DE CANDIDATURE - ASSISTE...
Ingénieur Travaux Pratiques - Construction Métallique,https://www.agenceemploijeunes.ci/site/offres-emplois/44030,21 01 2025,31 01 2025,ZOUAN-HOUN.,- ASSISTER AUX RECRUTEMENTS - ASSURER LA JONCTION ENTRE LA DIRECTION ET LES COLLABORATEURS - RECEPTIONS DES DOSSIERS DE CANDIDATURE - ASSISTE...
STAGIAIRE AIDE SOIGNANTE,https://www.agenceemploijeunes.ci/site/offres-emplois/44026,21 01 2025,31 01 2025,ZOUAN-HOUN.,- ASSISTER AUX RECRUTEMENTS - ASSURER LA JONCTION ENTRE LA DIRECTION ET LES COLLABORATEURS - RECEPTIONS DES DOSSIERS DE CANDIDATURE - ASSISTE...
CAISSIER(E),https://www.agenceemploijeunes.ci/site/offres-emplois/44025,21 01 2025,31 01 2025,ZOUAN-HOUN.,- ASSISTER AUX RECRUTEMENTS - ASSURER LA JONCTION ENTRE LA DIRECTION ET LES COLLABORATEURS - RECEPTIONS DES DOSSIERS DE CANDIDATURE - ASSISTE...
SECRETAIRE BUREAUTIQUE,https://www.agenceemploijeunes.ci/site/offres-emplois/44024,21 01 2025,31 01 2025,ZOUAN-HOUN.,- ASSISTER AUX RECRUTEMENTS - ASSURER LA JONCTION ENTRE LA DIRECTION ET LES COLLABORATEURS - RECEPTIONS DES DOSSIERS DE CANDIDATURE - ASSISTE...
STAGIAIRE AIDE SOIGNANTE,https://www.agenceemploijeunes.ci/site/offres-emplois/44021,21 01 2025,27 01 2025,AVOIR UN E.,ACCUEIL DES PATIENTS PRISE DES CONSTANTES ET RASSURER LES PATIENTS DESINFECTER LES OUTILS DU TRAVAIL PARTICIPER AU SOINS DES MALADES
ASSISTANTE VETERINAIRE,https://www.agenceemploijeunes.ci/site/offres-emplois/44020,21 01 2025,27 01 2025,AVOIR UN E.,ACCUEIL DES PATIENTS PRISE DES CONSTANTES ET RASSURER LES PATIENTS DESINFECTER LES OUTILS DU TRAVAIL PARTICIPER AU SOINS DES MALADES
STAGIAIRE EN AGRICULTURE TROPICAL,https://www.agenceemploijeunes.ci/site/offres-emplois/44019,21 01 2025,27 01 2025,AVOIR UN E.,ACCUEIL DES PATIENTS PRISE DES CONSTANTES ET RASSURER LES PATIENTS DESINFECTER LES OUTILS DU TRAVAIL PARTICIPER AU SOINS DES MALADES
Stagiaire Assistante de Direction,https://www.agenceemploijeunes.ci/site/offres-emplois/44018,21 01 2025,27 01 2025,AVOIR UN E.,ACCUEIL DES PATIENTS PRISE DES CONSTANTES ET RASSURER LES PATIENTS DESINFECTER LES OUTILS DU TRAVAIL PARTICIPER AU SOINS DES MALADES
stagiaire assistant animateur,https://www.agenceemploijeunes.ci/site/offres-emplois/44015,21 01 2025,27 01 2025,AVOIR UN E.,ACCUEIL DES PATIENTS PRISE DES CONSTANTES ET RASSURER LES PATIENTS DESINFECTER LES OUTILS DU TRAVAIL PARTICIPER AU SOINS DES MALADES
ENSEIGNANT STAGIAIRE EN ESPAGNOL,https://www.agenceemploijeunes.ci/site/offres-emplois/44014,21 01 2025,27 01 2025,AVOIR UN E.,ACCUEIL DES PATIENTS PRISE DES CONSTANTES ET RASSURER LES PATIENTS DESINFECTER LES OUTILS DU TRAVAIL PARTICIPER AU SOINS DES MALADES
ENSEIGNANT STAGIAIRE DE PHYSIQUE-CHIMIE,https://www.agenceemploijeunes.ci/site/offres-emplois/44013,21 01 2025,27 01 2025,AVOIR UN E.,ACCUEIL DES PATIENTS PRISE DES CONSTANTES ET RASSURER LES PATIENTS DESINFECTER LES OUTILS DU TRAVAIL PARTICIPER AU SOINS DES MALADES
ENSEIGNANT STAGIAIRE EN HISTOIRE-GEOGRAPHIE,https://www.agenceemploijeunes.ci/site/offres-emplois/44012,21 01 2025,27 01 2025,AVOIR UN E.,ACCUEIL DES PATIENTS PRISE DES CONSTANTES ET RASSURER LES PATIENTS DESINFECTER LES OUTILS DU TRAVAIL PARTICIPER AU SOINS DES MALADES
STAGIAIRE COMMERCIAL,https://www.agenceemploijeunes.ci/site/offres-emplois/44008,21 01 2025,27 01 2025,AVOIR UN E.,ACCUEIL DES PATIENTS PRISE DES CONSTANTES ET RASSURER LES PATIENTS DESINFECTER LES OUTILS DU TRAVAIL PARTICIPER AU SOINS DES MALADES
STAGIAIRE TECHNICIEN INFORMATICIEN,https://www.agenceemploijeunes.ci/site/offres-emplois/44006,21 01 2025,27 01 2025,AVOIR UN E.,ACCUEIL DES PATIENTS PRISE DES CONSTANTES ET RASSURER LES PATIENTS DESINFECTER LES OUTILS DU TRAVAIL PARTICIPER AU SOINS DES MALADES
Stagiaire secrétaire caissière,https://www.agenceemploijeunes.ci/site/offres-emplois/44007,17 01 2025,02 02 2025,Bondoukou.,"Assurer les opérations de secrétariat : courrier, communications, gestion documentaire et archivage, gestion de l'agenda et des rendez-vous, approv..."
Agent terrain,https://www.agenceemploijeunes.ci/site/offres-emplois/44005,17 01 2025,02 02 2025,Bondoukou.,"Assurer les opérations de secrétariat : courrier, communications, gestion documentaire et archivage, gestion de l'agenda et des rendez-vous, approv..."
STAGIAIRE COMMERCIAL,https://www.agenceemploijeunes.ci/site/offres-emplois/44003,17 01 2025,02 02 2025,Bondoukou.,"Assurer les opérations de secrétariat : courrier, communications, gestion documentaire et archivage, gestion de l'agenda et des rendez-vous, approv..."
Comptable,https://www.agenceemploijeunes.ci/site/offres-emplois/44004,17 01 2025,02 02 2025,Bondoukou.,"Assurer les opérations de secrétariat : courrier, communications, gestion documentaire et archivage, gestion de l'agenda et des rendez-vous, approv..."
STAGIAIRE RH,https://www.agenceemploijeunes.ci/site/offres-emplois/44002,17 01 2025,02 02 2025,Bondoukou.,"Assurer les opérations de secrétariat : courrier, communications, gestion documentaire et archivage, gestion de l'agenda et des rendez-vous, approv..."
Secrétaire caissière,https://www.agenceemploijeunes.ci/site/offres-emplois/44001,17 01 2025,02 02 2025,Bondoukou.,"Assurer les opérations de secrétariat : courrier, communications, gestion documentaire et archivage, gestion de l'agenda et des rendez-vous, approv..."
AGENT COMMERCIALE,https://www.agenceemploijeunes.ci/site/offres-emplois/44000,17 01 2025,02 02 2025,Bondoukou.,"Assurer les opérations de secrétariat : courrier, communications, gestion documentaire et archivage, gestion de l'agenda et des rendez-vous, approv..."
STAGIAIRE CHARGE DE PROJETS,https://www.agenceemploijeunes.ci/site/offres-emplois/43999,17 01 2025,02 02 2025,Bondoukou.,"Assurer les opérations de secrétariat : courrier, communications, gestion documentaire et archivage, gestion de l'agenda et des rendez-vous, approv..."
STAGIAIRE AGENT DE COLLECTE,https://www.agenceemploijeunes.ci/site/offres-emplois/43996,17 01 2025,02 02 2025,Bondoukou.,"Assurer les opérations de secrétariat : courrier, communications, gestion documentaire et archivage, gestion de l'agenda et des rendez-vous, approv..."
STAGIAIRE AGENT DE COLLECTE,https://www.agenceemploijeunes.ci/site/offres-emplois/43997,17 01 2025,02 02 2025,Bondoukou.,"Assurer les opérations de secrétariat : courrier, communications, gestion documentaire et archivage, gestion de l'agenda et des rendez-vous, approv..."
STAGIAIRE AGENT DE COLLECTE,https://www.agenceemploijeunes.ci/site/offres-emplois/43998,17 01 2025,31 01 2025,KORHOGO/CH.,COLLECTE DE SANG/PRELEVEMENT PREPAR
STAGIAIRE SECRETAIRE,https://www.agenceemploijeunes.ci/site/offres-emplois/43995,17 01 2025,31 01 2025,KORHOGO/CH.,COLLECTE DE SANG/PRELEVEMENT PREPAR
Stagiaire comptable,https://www.agenceemploijeunes.ci/site/offres-emplois/43994,17 01 2025,31 01 2025,KORHOGO/CH.,COLLECTE DE SANG/PRELEVEMENT PREPAR
STAGIAIRE CHARGE DE COMMUNICATION,https://www.agenceemploijeunes.ci/site/offres-emplois/43993,17 01 2025,31 01 2025,KORHOGO/CH.,COLLECTE DE SANG/PRELEVEMENT PREPAR
STAGIAIRE EN CUISINE,https://www.agenceemploijeunes.ci/site/offres-emplois/43992,17 01 2025,31 01 2025,KORHOGO/CH.,COLLECTE DE SANG/PRELEVEMENT PREPAR
Assistant(e) Administratif(ve) – Montage de Dossiers d’Appels d’Offres,https://www.agenceemploijeunes.ci/site/offres-emplois/43991,17 01 2025,31 01 2025,KORHOGO/CH.,COLLECTE DE SANG/PRELEVEMENT PREPAR
SECRETAIRE,https://www.agenceemploijeunes.ci/site/offres-emplois/43990,17 01 2025,31 01 2025,KORHOGO/CH.,COLLECTE DE SANG/PRELEVEMENT PREPAR
PROFESSEUR DE LANGUE FRANÇAISE,https://www.agenceemploijeunes.ci/site/offres-emplois/43989,17 01 2025,31 01 2025,KORHOGO/CH.,COLLECTE DE SANG/PRELEVEMENT PREPAR
Livreurs à Moto,https://www.agenceemploijeunes.ci/site/offres-emplois/43987,17 01 2025,31 01 2025,KORHOGO/CH.,COLLECTE DE SANG/PRELEVEMENT PREPAR
STAGIAIRE CAISSIERE,https://www.agenceemploijeunes.ci/site/offres-emplois/43986,17 01 2025,31 01 2025,KORHOGO/CH.,COLLECTE DE SANG/PRELEVEMENT PREPAR
INFORMATICIEN,https://www.agenceemploijeunes.ci/site/offres-emplois/43988,20 01 2025,31 01 2025,DIVO,-  FAIRE LE TRAITEMENT DES FICHIERS DES ELEVES - RESOUDRE LES PROBLEMES D'ORDRES INFORMATIQUE - SUIVRE LES INSCRIPTION EN LIGNE
STAGIAIRE TECHNICIEN AGRICOLE,https://www.agenceemploijeunes.ci/site/offres-emplois/43985,20 01 2025,31 01 2025,DIVO,-  FAIRE LE TRAITEMENT DES FICHIERS DES ELEVES - RESOUDRE LES PROBLEMES D'ORDRES INFORMATIQUE - SUIVRE LES INSCRIPTION EN LIGNE
SELECTION DE 2012 JEUNES DANS LE CADRE DES TRAVAUX A HAUTE INTENSITE DE MAIN D’ŒUVRE (THIMO),https://www.agenceemploijeunes.ci/site/offres-emplois/43982,20 01 2025,31 01 2025,DIVO,-  FAIRE LE TRAITEMENT DES FICHIERS DES ELEVES - RESOUDRE LES PROBLEMES D'ORDRES INFORMATIQUE - SUIVRE LES INSCRIPTION EN LIGNE
STAGIAIRE COMPTABLE,https://www.agenceemploijeunes.ci/site/offres-emplois/43980,20 01 2025,31 01 2025,DIVO,-  FAIRE LE TRAITEMENT DES FICHIERS DES ELEVES - RESOUDRE LES PROBLEMES D'ORDRES INFORMATIQUE - SUIVRE LES INSCRIPTION EN LIGNE
TECHNICIEN DE LABORATOIRE,https://www.agenceemploijeunes.ci/site/offres-emplois/43977,20 01 2025,31 01 2025,DIVO,-  FAIRE LE TRAITEMENT DES FICHIERS DES ELEVES - RESOUDRE LES PROBLEMES D'ORDRES INFORMATIQUE - SUIVRE LES INSCRIPTION EN LIGNE
AIDE-SOIGNANT(E),https://www.agenceemploijeunes.ci/site/offres-emplois/43976,20 01 2025,31 01 2025,DIVO,-  FAIRE LE TRAITEMENT DES FICHIERS DES ELEVES - RESOUDRE LES PROBLEMES D'ORDRES INFORMATIQUE - SUIVRE LES INSCRIPTION EN LIGNE
INFORMATIQUE ET DEVELOPPEUR D'APPLICATIONS,https://www.agenceemploijeunes.ci/site/offres-emplois/43975,20 01 2025,31 01 2025,DIVO,-  FAIRE LE TRAITEMENT DES FICHIERS DES ELEVES - RESOUDRE LES PROBLEMES D'ORDRES INFORMATIQUE - SUIVRE LES INSCRIPTION EN LIGNE
STAGIAIRE RESSOURCES HUMAINES,https://www.agenceemploijeunes.ci/site/offres-emplois/43974,20 01 2025,31 01 2025,DIVO,-  FAIRE LE TRAITEMENT DES FICHIERS DES ELEVES - RESOUDRE LES PROBLEMES D'ORDRES INFORMATIQUE - SUIVRE LES INSCRIPTION EN LIGNE
QUALITICIEN,https://www.agenceemploijeunes.ci/site/offres-emplois/43973,20 01 2025,31 01 2025,DIVO,-  FAIRE LE TRAITEMENT DES FICHIERS DES ELEVES - RESOUDRE LES PROBLEMES D'ORDRES INFORMATIQUE - SUIVRE LES INSCRIPTION EN LIGNE
auxiliaire en pharmacie,https://www.agenceemploijeunes.ci/site/offres-emplois/43971,20 01 2025,31 01 2025,DIVO,-  FAIRE LE TRAITEMENT DES FICHIERS DES ELEVES - RESOUDRE LES PROBLEMES D'ORDRES INFORMATIQUE - SUIVRE LES INSCRIPTION EN LIGNE
VENDEUSE EN PHARMACIE,https://www.agenceemploijeunes.ci/site/offres-emplois/43968,16 01 2025,28 01 2025,YOPOUGON,- ACCUEILLIR ET CONSEILLER LES CLIENTS - VERIFIER LES STOCKS ET PASSER LES COMMANDES - ENCAISSER LES PAIEMENTS DE PRODUITS - COMPTABILISER LE...
COUNTRY SUPPLY CHAIN & LOGISTICS MANAGER,https://www.agenceemploijeunes.ci/site/offres-emplois/43962,16 01 2025,28 01 2025,YOPOUGON,- ACCUEILLIR ET CONSEILLER LES CLIENTS - VERIFIER LES STOCKS ET PASSER LES COMMANDES - ENCAISSER LES PAIEMENTS DE PRODUITS - COMPTABILISER LE...
Secrétaire administrative,https://www.agenceemploijeunes.ci/site/offres-emplois/43961,16 01 2025,28 01 2025,YOPOUGON,- ACCUEILLIR ET CONSEILLER LES CLIENTS - VERIFIER LES STOCKS ET PASSER LES COMMANDES - ENCAISSER LES PAIEMENTS DE PRODUITS - COMPTABILISER LE...
CONSEILLER JURIDIQUE (Secteur Minier),https://www.agenceemploijeunes.ci/site/offres-emplois/43960,16 01 2025,28 01 2025,YOPOUGON,- ACCUEILLIR ET CONSEILLER LES CLIENTS - VERIFIER LES STOCKS ET PASSER LES COMMANDES - ENCAISSER LES PAIEMENTS DE PRODUITS - COMPTABILISER LE...
STAGIAIRE EN RESSOURCES HUMAINES ET COMMUNICATION,https://www.agenceemploijeunes.ci/site/offres-emplois/43959,16 01 2025,28 01 2025,YOPOUGON,- ACCUEILLIR ET CONSEILLER LES CLIENTS - VERIFIER LES STOCKS ET PASSER LES COMMANDES - ENCAISSER LES PAIEMENTS DE PRODUITS - COMPTABILISER LE...
DIRECTEUR ADMINISTATIF (relations publiques et liaison avec les Services gouvernementaux),https://www.agenceemploijeunes.ci/site/offres-emplois/43958,16 01 2025,28 01 2025,YOPOUGON,- ACCUEILLIR ET CONSEILLER LES CLIENTS - VERIFIER LES STOCKS ET PASSER LES COMMANDES - ENCAISSER LES PAIEMENTS DE PRODUITS - COMPTABILISER LE...
Valet de Chambre,https://www.agenceemploijeunes.ci/site/offres-emplois/43957,16 01 2025,28 01 2025,YOPOUGON,- ACCUEILLIR ET CONSEILLER LES CLIENTS - VERIFIER LES STOCKS ET PASSER LES COMMANDES - ENCAISSER LES PAIEMENTS DE PRODUITS - COMPTABILISER LE...
STAGIAIRE COMPTABLE,https://www.agenceemploijeunes.ci/site/offres-emplois/43956,16 01 2025,28 01 2025,YOPOUGON,- ACCUEILLIR ET CONSEILLER LES CLIENTS - VERIFIER LES STOCKS ET PASSER LES COMMANDES - ENCAISSER LES PAIEMENTS DE PRODUITS - COMPTABILISER LE...
COMMERCIALE,https://www.agenceemploijeunes.ci/site/offres-emplois/43955,16 01 2025,28 01 2025,YOPOUGON,- ACCUEILLIR ET CONSEILLER LES CLIENTS - VERIFIER LES STOCKS ET PASSER LES COMMANDES - ENCAISSER LES PAIEMENTS DE PRODUITS - COMPTABILISER LE...
STAGIAIRE GESTIONNAIRE DE STOCK,https://www.agenceemploijeunes.ci/site/offres-emplois/43954,16 01 2025,28 01 2025,YOPOUGON,- ACCUEILLIR ET CONSEILLER LES CLIENTS - VERIFIER LES STOCKS ET PASSER LES COMMANDES - ENCAISSER LES PAIEMENTS DE PRODUITS - COMPTABILISER LE...
Charge des partenariats,https://www.agenceemploijeunes.ci/site/offres-emplois/43953,16 01 2025,23 01 2025,Yopougon,- recherche de partenaire                                    ...
TECHNICIEN FROID STAGIAIRE,https://www.agenceemploijeunes.ci/site/offres-emplois/43951,16 01 2025,23 01 2025,Yopougon,- recherche de partenaire                                    ...
ASSISTANT RESSOURCES HUMAINES,https://www.agenceemploijeunes.ci/site/offres-emplois/43950,16 01 2025,23 01 2025,Yopougon,- recherche de partenaire                                    ...
SECRETAIRE-COMPTABLE,https://www.agenceemploijeunes.ci/site/offres-emplois/43949,16 01 2025,23 01 2025,Yopougon,- recherche de partenaire                                    ...
Stagiaire juriste ( RH),https://www.agenceemploijeunes.ci/site/offres-emplois/43947,16 01 2025,23 01 2025,Yopougon,- recherche de partenaire                                    ...
COMMERCIAL,https://www.agenceemploijeunes.ci/site/offres-emplois/43943,16 01 2025,23 01 2025,Yopougon,- recherche de partenaire                                    ...
QUALITICIEN,https://www.agenceemploijeunes.ci/site/offres-emplois/43942,16 01 2025,23 01 2025,Yopougon,- recherche de partenaire                                    ...
STAGIAIRE ASSISTANTE ADMINISTRATIVE ET COMMERCIALE,https://www.agenceemploijeunes.ci/site/offres-emplois/43941,16 01 2025,23 01 2025,Yopougon,- recherche de partenaire                                    ...
COMMERCIAUX,https://www.agenceemploijeunes.ci/site/offres-emplois/43940,16 01 2025,23 01 2025,Yopougon,- recherche de partenaire                                    ...
LOGISTICIEN,https://www.agenceemploijeunes.ci/site/offres-emplois/43939,16 01 2025,23 01 2025,Yopougon,- recherche de partenaire                                    ...
GESTIONNAIRE DE STOCK,https://www.agenceemploijeunes.ci/site/offres-emplois/43937,16 01 2025,23 01 2025,BINGERVILL.,"STOCKER LES MARCHANDISES  ORGANISER LE STOCKAGE DANS LES ENTREPOTS  RECEPTIONNER LES LIVRAISONS , DES MARCHANDISES"
COMMERCIAL,https://www.agenceemploijeunes.ci/site/offres-emplois/43935,16 01 2025,23 01 2025,BINGERVILL.,"STOCKER LES MARCHANDISES  ORGANISER LE STOCKAGE DANS LES ENTREPOTS  RECEPTIONNER LES LIVRAISONS , DES MARCHANDISES"
RECEPTIONNISTE,https://www.agenceemploijeunes.ci/site/offres-emplois/43934,16 01 2025,23 01 2025,BINGERVILL.,"STOCKER LES MARCHANDISES  ORGANISER LE STOCKAGE DANS LES ENTREPOTS  RECEPTIONNER LES LIVRAISONS , DES MARCHANDISES"
STAGIAIRE SECRETAIRE,https://www.agenceemploijeunes.ci/site/offres-emplois/43933,16 01 2025,23 01 2025,BINGERVILL.,"STOCKER LES MARCHANDISES  ORGANISER LE STOCKAGE DANS LES ENTREPOTS  RECEPTIONNER LES LIVRAISONS , DES MARCHANDISES"
STAGIAIRE EN CONTROLE BUDGETAIRE DE COLLECTIVITE,https://www.agenceemploijeunes.ci/site/offres-emplois/43932,16 01 2025,23 01 2025,BINGERVILL.,"STOCKER LES MARCHANDISES  ORGANISER LE STOCKAGE DANS LES ENTREPOTS  RECEPTIONNER LES LIVRAISONS , DES MARCHANDISES"
ASSISTANTE DE DIRECTION,https://www.agenceemploijeunes.ci/site/offres-emplois/43931,16 01 2025,23 01 2025,BINGERVILL.,"STOCKER LES MARCHANDISES  ORGANISER LE STOCKAGE DANS LES ENTREPOTS  RECEPTIONNER LES LIVRAISONS , DES MARCHANDISES"
COMMERCIAL,https://www.agenceemploijeunes.ci/site/offres-emplois/43930,16 01 2025,23 01 2025,BINGERVILL.,"STOCKER LES MARCHANDISES  ORGANISER LE STOCKAGE DANS LES ENTREPOTS  RECEPTIONNER LES LIVRAISONS , DES MARCHANDISES"
STAGIAIRE COMMERCIAL,https://www.agenceemploijeunes.ci/site/offres-emplois/43929,16 01 2025,23 01 2025,BINGERVILL.,"STOCKER LES MARCHANDISES  ORGANISER LE STOCKAGE DANS LES ENTREPOTS  RECEPTIONNER LES LIVRAISONS , DES MARCHANDISES"
CHAUFFEUR LIVREUR A MOTO,https://www.agenceemploijeunes.ci/site/offres-emplois/43928,16 01 2025,23 01 2025,BINGERVILL.,"STOCKER LES MARCHANDISES  ORGANISER LE STOCKAGE DANS LES ENTREPOTS  RECEPTIONNER LES LIVRAISONS , DES MARCHANDISES"
ASSISTANTE DE DIRECTION,https://www.agenceemploijeunes.ci/site/offres-emplois/43927,16 01 2025,23 01 2025,BINGERVILL.,"STOCKER LES MARCHANDISES  ORGANISER LE STOCKAGE DANS LES ENTREPOTS  RECEPTIONNER LES LIVRAISONS , DES MARCHANDISES"
STAGIAIRE COMPTABLE,https://www.agenceemploijeunes.ci/site/offres-emplois/43925,15 01 2025,22 01 2025,KORHOGO QU.,- Analyser l'état financier et les rapports; - Donner les conseils dans le domaine financier et fiscal; - Assister le responsable dans le bilan...
STAGIAIRE TECHNICIEN ATPV,https://www.agenceemploijeunes.ci/site/offres-emplois/43924,15 01 2025,22 01 2025,KORHOGO QU.,- Analyser l'état financier et les rapports; - Donner les conseils dans le domaine financier et fiscal; - Assister le responsable dans le bilan...
STAGIAIRE ASSISTANT COMPTABLE,https://www.agenceemploijeunes.ci/site/offres-emplois/43923,15 01 2025,22 01 2025,KORHOGO QU.,- Analyser l'état financier et les rapports; - Donner les conseils dans le domaine financier et fiscal; - Assister le responsable dans le bilan...
STAGIAIRE ASSISTANT COMPTABLE,https://www.agenceemploijeunes.ci/site/offres-emplois/43922,15 01 2025,22 01 2025,KORHOGO QU.,- Analyser l'état financier et les rapports; - Donner les conseils dans le domaine financier et fiscal; - Assister le responsable dans le bilan...
STAGIAIRE TECHNICIEN AGRICOLE,https://www.agenceemploijeunes.ci/site/offres-emplois/43921,15 01 2025,22 01 2025,KORHOGO QU.,- Analyser l'état financier et les rapports; - Donner les conseils dans le domaine financier et fiscal; - Assister le responsable dans le bilan...
STAGIAIRE EN TOURISME,https://www.agenceemploijeunes.ci/site/offres-emplois/43920,15 01 2025,22 01 2025,KORHOGO QU.,- Analyser l'état financier et les rapports; - Donner les conseils dans le domaine financier et fiscal; - Assister le responsable dans le bilan...
STAGIAIRE ASSISTANT JURISTE,https://www.agenceemploijeunes.ci/site/offres-emplois/43919,15 01 2025,22 01 2025,KORHOGO QU.,- Analyser l'état financier et les rapports; - Donner les conseils dans le domaine financier et fiscal; - Assister le responsable dans le bilan...
STAGIAIRE RESSOURCES HUMAINES ET COMMUNICATION,https://www.agenceemploijeunes.ci/site/offres-emplois/43918,15 01 2025,22 01 2025,KORHOGO QU.,- Analyser l'état financier et les rapports; - Donner les conseils dans le domaine financier et fiscal; - Assister le responsable dans le bilan...
ASSISTANTE DE DIRECTION,https://www.agenceemploijeunes.ci/site/offres-emplois/43917,15 01 2025,22 01 2025,KORHOGO QU.,- Analyser l'état financier et les rapports; - Donner les conseils dans le domaine financier et fiscal; - Assister le responsable dans le bilan...
PROMOTEUR(TRICE) DE PRODUITS ET VENTE,https://www.agenceemploijeunes.ci/site/offres-emplois/43916,15 01 2025,22 01 2025,KORHOGO QU.,- Analyser l'état financier et les rapports; - Donner les conseils dans le domaine financier et fiscal; - Assister le responsable dans le bilan...
STAGIAIRE GESTIONNAIRE DE PROJETS,https://www.agenceemploijeunes.ci/site/offres-emplois/43915,16 01 2025,22 01 2025,COCODY,"PARTICIPER A LA GESTION ADMINISTRATIVE ET OPERATIONELLE DES PROJETS , LA PROPECTION DES CLIENTS  ANALYSE DES OPPORTUNITES DE MARCHES ..."
STAGIAIRE ASSIASTANTE DE DIRECTION,https://www.agenceemploijeunes.ci/site/offres-emplois/43912,16 01 2025,22 01 2025,COCODY,"PARTICIPER A LA GESTION ADMINISTRATIVE ET OPERATIONELLE DES PROJETS , LA PROPECTION DES CLIENTS  ANALYSE DES OPPORTUNITES DE MARCHES ..."
STAGIAIRE EN PRODUCTION VEGETALE,https://www.agenceemploijeunes.ci/site/offres-emplois/43911,16 01 2025,22 01 2025,COCODY,"PARTICIPER A LA GESTION ADMINISTRATIVE ET OPERATIONELLE DES PROJETS , LA PROPECTION DES CLIENTS  ANALYSE DES OPPORTUNITES DE MARCHES ..."
STAGIAIRE EN AGRICULTURE,https://www.agenceemploijeunes.ci/site/offres-emplois/43910,16 01 2025,22 01 2025,COCODY,"PARTICIPER A LA GESTION ADMINISTRATIVE ET OPERATIONELLE DES PROJETS , LA PROPECTION DES CLIENTS  ANALYSE DES OPPORTUNITES DE MARCHES ..."
STAGIAIRE,https://www.agenceemploijeunes.ci/site/offres-emplois/43909,16 01 2025,22 01 2025,COCODY,"PARTICIPER A LA GESTION ADMINISTRATIVE ET OPERATIONELLE DES PROJETS , LA PROPECTION DES CLIENTS  ANALYSE DES OPPORTUNITES DE MARCHES ..."
STAGIAIRE ASSISTANT COMPTABLE,https://www.agenceemploijeunes.ci/site/offres-emplois/43908,16 01 2025,22 01 2025,COCODY,"PARTICIPER A LA GESTION ADMINISTRATIVE ET OPERATIONELLE DES PROJETS , LA PROPECTION DES CLIENTS  ANALYSE DES OPPORTUNITES DE MARCHES ..."
ASSISTANTE DE DIRECTION,https://www.agenceemploijeunes.ci/site/offres-emplois/43907,16 01 2025,22 01 2025,COCODY,"PARTICIPER A LA GESTION ADMINISTRATIVE ET OPERATIONELLE DES PROJETS , LA PROPECTION DES CLIENTS  ANALYSE DES OPPORTUNITES DE MARCHES ..."
COMMERCIAL,https://www.agenceemploijeunes.ci/site/offres-emplois/43906,16 01 2025,22 01 2025,COCODY,"PARTICIPER A LA GESTION ADMINISTRATIVE ET OPERATIONELLE DES PROJETS , LA PROPECTION DES CLIENTS  ANALYSE DES OPPORTUNITES DE MARCHES ..."
Agents de Sécurité,https://www.agenceemploijeunes.ci/site/offres-emplois/43903,16 01 2025,22 01 2025,COCODY,"PARTICIPER A LA GESTION ADMINISTRATIVE ET OPERATIONELLE DES PROJETS , LA PROPECTION DES CLIENTS  ANALYSE DES OPPORTUNITES DE MARCHES ..."
SERVEUR,https://www.agenceemploijeunes.ci/site/offres-emplois/43895,16 01 2025,22 01 2025,COCODY,"PARTICIPER A LA GESTION ADMINISTRATIVE ET OPERATIONELLE DES PROJETS , LA PROPECTION DES CLIENTS  ANALYSE DES OPPORTUNITES DE MARCHES ..."
TECHNICIEN SUPERIEUR EN ELEVAGE,https://www.agenceemploijeunes.ci/site/offres-emplois/43894,15 01 2025,21 01 2025,DIRECTION.,- Établir les fiches techniques de travail ;  - Vérifier la qualité des aliments ;  - Veiller à la bonne croissance des animaux et fai...
SECRETAIRE DE DIRECTION,https://www.agenceemploijeunes.ci/site/offres-emplois/43892,15 01 2025,21 01 2025,DIRECTION.,- Établir les fiches techniques de travail ;  - Vérifier la qualité des aliments ;  - Veiller à la bonne croissance des animaux et fai...
COMMERCIAUX,https://www.agenceemploijeunes.ci/site/offres-emplois/43890,15 01 2025,21 01 2025,DIRECTION.,- Établir les fiches techniques de travail ;  - Vérifier la qualité des aliments ;  - Veiller à la bonne croissance des animaux et fai...
TECHCIEN EN ELEVAGE,https://www.agenceemploijeunes.ci/site/offres-emplois/43891,15 01 2025,21 01 2025,DIRECTION.,- Établir les fiches techniques de travail ;  - Vérifier la qualité des aliments ;  - Veiller à la bonne croissance des animaux et fai...
JURISTE,https://www.agenceemploijeunes.ci/site/offres-emplois/43889,15 01 2025,21 01 2025,DIRECTION.,- Établir les fiches techniques de travail ;  - Vérifier la qualité des aliments ;  - Veiller à la bonne croissance des animaux et fai...
FORMATEUR MOTO,https://www.agenceemploijeunes.ci/site/offres-emplois/43888,15 01 2025,21 01 2025,DIRECTION.,- Établir les fiches techniques de travail ;  - Vérifier la qualité des aliments ;  - Veiller à la bonne croissance des animaux et fai...
STAGIAIRE INFORMATIQUE,https://www.agenceemploijeunes.ci/site/offres-emplois/43887,15 01 2025,21 01 2025,DIRECTION.,- Établir les fiches techniques de travail ;  - Vérifier la qualité des aliments ;  - Veiller à la bonne croissance des animaux et fai...
STAGIAIRE COMPTABLE,https://www.agenceemploijeunes.ci/site/offres-emplois/43883,15 01 2025,21 01 2025,DIRECTION.,- Établir les fiches techniques de travail ;  - Vérifier la qualité des aliments ;  - Veiller à la bonne croissance des animaux et fai...
STAGE ECOLE EN TOURISME ET HOTELLERIE,https://www.agenceemploijeunes.ci/site/offres-emplois/43886,15 01 2025,21 01 2025,DIRECTION.,- Établir les fiches techniques de travail ;  - Vérifier la qualité des aliments ;  - Veiller à la bonne croissance des animaux et fai...
STAGIAIRE CHARGE DE LA CLIENTELE,https://www.agenceemploijeunes.ci/site/offres-emplois/43885,15 01 2025,21 01 2025,DIRECTION.,- Établir les fiches techniques de travail ;  - Vérifier la qualité des aliments ;  - Veiller à la bonne croissance des animaux et fai...
STAGIAIRE RHCOM,https://www.agenceemploijeunes.ci/site/offres-emplois/43882,16 01 2025,30 01 2025,FERKESSEDO.,EXCECUTE LES TACHES DE SON HIERACHIE ENREGISTREMENT DU PERSONNEL SUIVI DES PAIE DU PERSONNEL
STAGIAIRE RESSOURCES HUMAINES,https://www.agenceemploijeunes.ci/site/offres-emplois/43878,16 01 2025,30 01 2025,FERKESSEDO.,EXCECUTE LES TACHES DE SON HIERACHIE ENREGISTREMENT DU PERSONNEL SUIVI DES PAIE DU PERSONNEL
STAGIAIRE FINANCES COMPTABILITE ET GESTION D'ENTREPRISE,https://www.agenceemploijeunes.ci/site/offres-emplois/43880,16 01 2025,30 01 2025,FERKESSEDO.,EXCECUTE LES TACHES DE SON HIERACHIE ENREGISTREMENT DU PERSONNEL SUIVI DES PAIE DU PERSONNEL
STAGIAIRE TELECONSEILLER,https://www.agenceemploijeunes.ci/site/offres-emplois/43876,16 01 2025,30 01 2025,FERKESSEDO.,EXCECUTE LES TACHES DE SON HIERACHIE ENREGISTREMENT DU PERSONNEL SUIVI DES PAIE DU PERSONNEL
STAGIAIRE EN AGROPASTORAL,https://www.agenceemploijeunes.ci/site/offres-emplois/43877,16 01 2025,30 01 2025,FERKESSEDO.,EXCECUTE LES TACHES DE SON HIERACHIE ENREGISTREMENT DU PERSONNEL SUIVI DES PAIE DU PERSONNEL
STAGIAIRE EN DROIT,https://www.agenceemploijeunes.ci/site/offres-emplois/43875,16 01 2025,30 01 2025,FERKESSEDO.,EXCECUTE LES TACHES DE SON HIERACHIE ENREGISTREMENT DU PERSONNEL SUIVI DES PAIE DU PERSONNEL
STAGIAIRE EN RESSOURCES HUMAINES ET COMMUNICATION,https://www.agenceemploijeunes.ci/site/offres-emplois/43872,16 01 2025,30 01 2025,FERKESSEDO.,EXCECUTE LES TACHES DE SON HIERACHIE ENREGISTREMENT DU PERSONNEL SUIVI DES PAIE DU PERSONNEL
STAGIAIRE AUX SERVICES ADMINISTRATIFS,https://www.agenceemploijeunes.ci/site/offres-emplois/43870,16 01 2025,30 01 2025,FERKESSEDO.,EXCECUTE LES TACHES DE SON HIERACHIE ENREGISTREMENT DU PERSONNEL SUIVI DES PAIE DU PERSONNEL
STRAGIAIRE AUX SERVICES ADMINISTRATIFS,https://www.agenceemploijeunes.ci/site/offres-emplois/43869,16 01 2025,30 01 2025,FERKESSEDO.,EXCECUTE LES TACHES DE SON HIERACHIE ENREGISTREMENT DU PERSONNEL SUIVI DES PAIE DU PERSONNEL
STAGIAIRE AUX SERVICES ADMINISTRATIFS,https://www.agenceemploijeunes.ci/site/offres-emplois/43867,16 01 2025,30 01 2025,FERKESSEDO.,EXCECUTE LES TACHES DE SON HIERACHIE ENREGISTREMENT DU PERSONNEL SUIVI DES PAIE DU PERSONNEL
STAGIAIRE AUX SERVICES ADMINISTRATIFS,https://www.agenceemploijeunes.ci/site/offres-emplois/43866,14 01 2025,28 01 2025,HOTEL COMM.,-ASSISTANCE AU CHEF DES SERVICES ADMINISTRATIFS  -ENREGISTRER LES OPERATIONS COMPTABLE DANS LES LIBRES COMPTABLES - PREPARATION ET ANALYSE...
Responsable Logistique,https://www.agenceemploijeunes.ci/site/offres-emplois/43862,14 01 2025,28 01 2025,HOTEL COMM.,-ASSISTANCE AU CHEF DES SERVICES ADMINISTRATIFS  -ENREGISTRER LES OPERATIONS COMPTABLE DANS LES LIBRES COMPTABLES - PREPARATION ET ANALYSE...
Gouvernant(e) d’Hôtel,https://www.agenceemploijeunes.ci/site/offres-emplois/43861,14 01 2025,28 01 2025,HOTEL COMM.,-ASSISTANCE AU CHEF DES SERVICES ADMINISTRATIFS  -ENREGISTRER LES OPERATIONS COMPTABLE DANS LES LIBRES COMPTABLES - PREPARATION ET ANALYSE...
Assistant(e) Administratif(ve),https://www.agenceemploijeunes.ci/site/offres-emplois/43860,14 01 2025,28 01 2025,HOTEL COMM.,-ASSISTANCE AU CHEF DES SERVICES ADMINISTRATIFS  -ENREGISTRER LES OPERATIONS COMPTABLE DANS LES LIBRES COMPTABLES - PREPARATION ET ANALYSE...
Responsable Achat,https://www.agenceemploijeunes.ci/site/offres-emplois/43858,14 01 2025,28 01 2025,HOTEL COMM.,-ASSISTANCE AU CHEF DES SERVICES ADMINISTRATIFS  -ENREGISTRER LES OPERATIONS COMPTABLE DANS LES LIBRES COMPTABLES - PREPARATION ET ANALYSE...
ASSISTANT RH/COMPTA,https://www.agenceemploijeunes.ci/site/offres-emplois/43857,14 01 2025,28 01 2025,HOTEL COMM.,-ASSISTANCE AU CHEF DES SERVICES ADMINISTRATIFS  -ENREGISTRER LES OPERATIONS COMPTABLE DANS LES LIBRES COMPTABLES - PREPARATION ET ANALYSE...
STAGIAIRE LOGISTICIENNE,https://www.agenceemploijeunes.ci/site/offres-emplois/43856,14 01 2025,28 01 2025,HOTEL COMM.,-ASSISTANCE AU CHEF DES SERVICES ADMINISTRATIFS  -ENREGISTRER LES OPERATIONS COMPTABLE DANS LES LIBRES COMPTABLES - PREPARATION ET ANALYSE...
STAGIAIRE CAISSIERE,https://www.agenceemploijeunes.ci/site/offres-emplois/43854,14 01 2025,28 01 2025,HOTEL COMM.,-ASSISTANCE AU CHEF DES SERVICES ADMINISTRATIFS  -ENREGISTRER LES OPERATIONS COMPTABLE DANS LES LIBRES COMPTABLES - PREPARATION ET ANALYSE...
STAGIAIRE AIDE SOIGNANTE,https://www.agenceemploijeunes.ci/site/offres-emplois/43837,14 01 2025,28 01 2025,HOTEL COMM.,-ASSISTANCE AU CHEF DES SERVICES ADMINISTRATIFS  -ENREGISTRER LES OPERATIONS COMPTABLE DANS LES LIBRES COMPTABLES - PREPARATION ET ANALYSE...
STAGIAIRES MECANIQUES AUTOMOBILE,https://www.agenceemploijeunes.ci/site/offres-emplois/43830,14 01 2025,28 01 2025,HOTEL COMM.,-ASSISTANCE AU CHEF DES SERVICES ADMINISTRATIFS  -ENREGISTRER LES OPERATIONS COMPTABLE DANS LES LIBRES COMPTABLES - PREPARATION ET ANALYSE...
RESEAUX INFORMATIQUES ET TELECOMMUNICATION,https://www.agenceemploijeunes.ci/site/offres-emplois/43828,09 01 2025,25 01 2025,YOPOUGON,- TIRAGE FIBRES OPTIQUES - RACCORDEMENT DE FIBRES OPTIQUES - CABLAGE INFORMATIQUE - CABLAGE COURANT ONDULE
ASSISTANT COMPTABLE,https://www.agenceemploijeunes.ci/site/offres-emplois/43825,09 01 2025,25 01 2025,YOPOUGON,- TIRAGE FIBRES OPTIQUES - RACCORDEMENT DE FIBRES OPTIQUES - CABLAGE INFORMATIQUE - CABLAGE COURANT ONDULE
Assistante personnelle et chargée de communication,https://www.agenceemploijeunes.ci/site/offres-emplois/43820,09 01 2025,25 01 2025,YOPOUGON,- TIRAGE FIBRES OPTIQUES - RACCORDEMENT DE FIBRES OPTIQUES - CABLAGE INFORMATIQUE - CABLAGE COURANT ONDULE
Assistant-e chargé-e de recrutement et admninistratif,https://www.agenceemploijeunes.ci/site/offres-emplois/43816,09 01 2025,25 01 2025,YOPOUGON,- TIRAGE FIBRES OPTIQUES - RACCORDEMENT DE FIBRES OPTIQUES - CABLAGE INFORMATIQUE - CABLAGE COURANT ONDULE
STAGIAIRE COMPTABLE,https://www.agenceemploijeunes.ci/site/offres-emplois/43814,09 01 2025,25 01 2025,YOPOUGON,- TIRAGE FIBRES OPTIQUES - RACCORDEMENT DE FIBRES OPTIQUES - CABLAGE INFORMATIQUE - CABLAGE COURANT ONDULE
COMMERCIAL,https://www.agenceemploijeunes.ci/site/offres-emplois/43813,09 01 2025,25 01 2025,YOPOUGON,- TIRAGE FIBRES OPTIQUES - RACCORDEMENT DE FIBRES OPTIQUES - CABLAGE INFORMATIQUE - CABLAGE COURANT ONDULE
TECHNICIEN STAGIAIRE EN ELECTRICITE OU ENERGIE SOLAIRE,https://www.agenceemploijeunes.ci/site/offres-emplois/43809,09 01 2025,25 01 2025,YOPOUGON,- TIRAGE FIBRES OPTIQUES - RACCORDEMENT DE FIBRES OPTIQUES - CABLAGE INFORMATIQUE - CABLAGE COURANT ONDULE
COMMERCIAL DOMAINE DE LA CONSTRUCTION,https://www.agenceemploijeunes.ci/site/offres-emplois/43807,09 01 2025,25 01 2025,YOPOUGON,- TIRAGE FIBRES OPTIQUES - RACCORDEMENT DE FIBRES OPTIQUES - CABLAGE INFORMATIQUE - CABLAGE COURANT ONDULE
STAGIAIRE PATISSIER,https://www.agenceemploijeunes.ci/site/offres-emplois/43803,09 01 2025,25 01 2025,YOPOUGON,- TIRAGE FIBRES OPTIQUES - RACCORDEMENT DE FIBRES OPTIQUES - CABLAGE INFORMATIQUE - CABLAGE COURANT ONDULE
STAGIAIRE CAISSIERE,https://www.agenceemploijeunes.ci/site/offres-emplois/43802,09 01 2025,25 01 2025,YOPOUGON,- TIRAGE FIBRES OPTIQUES - RACCORDEMENT DE FIBRES OPTIQUES - CABLAGE INFORMATIQUE - CABLAGE COURANT ONDULE
STAGIAIRE ASSISTANT JURIDIQUE,https://www.agenceemploijeunes.ci/site/offres-emplois/43801,10 01 2025,22 01 2025,DALOA,"SOUS LA CONDUITE DU MAITRE DE STAGE,LE STAGIAIRE AURA A  Rédiger des actes juridiques  rédiger des conventions faire des significa..."
STAGIAIRE EN COUPE COUTURE,https://www.agenceemploijeunes.ci/site/offres-emplois/43800,10 01 2025,22 01 2025,DALOA,"SOUS LA CONDUITE DU MAITRE DE STAGE,LE STAGIAIRE AURA A  Rédiger des actes juridiques  rédiger des conventions faire des significa..."
STAGIAIRE EN SCIENCES MEDICO-SOCIAL,https://www.agenceemploijeunes.ci/site/offres-emplois/43799,10 01 2025,22 01 2025,DALOA,"SOUS LA CONDUITE DU MAITRE DE STAGE,LE STAGIAIRE AURA A  Rédiger des actes juridiques  rédiger des conventions faire des significa..."
STAGIAIRE EN SANITAIRE ET SOCIAL,https://www.agenceemploijeunes.ci/site/offres-emplois/43798,10 01 2025,22 01 2025,DALOA,"SOUS LA CONDUITE DU MAITRE DE STAGE,LE STAGIAIRE AURA A  Rédiger des actes juridiques  rédiger des conventions faire des significa..."
ASSISTANT COMPTABLE,https://www.agenceemploijeunes.ci/site/offres-emplois/43797,10 01 2025,22 01 2025,DALOA,"SOUS LA CONDUITE DU MAITRE DE STAGE,LE STAGIAIRE AURA A  Rédiger des actes juridiques  rédiger des conventions faire des significa..."
STAGIAIRE CUISINIER,https://www.agenceemploijeunes.ci/site/offres-emplois/43795,10 01 2025,22 01 2025,DALOA,"SOUS LA CONDUITE DU MAITRE DE STAGE,LE STAGIAIRE AURA A  Rédiger des actes juridiques  rédiger des conventions faire des significa..."
STAGIAIRE ASSISTANT RESSOURCE HUMAINES,https://www.agenceemploijeunes.ci/site/offres-emplois/43794,10 01 2025,22 01 2025,DALOA,"SOUS LA CONDUITE DU MAITRE DE STAGE,LE STAGIAIRE AURA A  Rédiger des actes juridiques  rédiger des conventions faire des significa..."
STAGIAIRE ASSISTANT RESSOURCES HUMAINES,https://www.agenceemploijeunes.ci/site/offres-emplois/43793,10 01 2025,22 01 2025,DALOA,"SOUS LA CONDUITE DU MAITRE DE STAGE,LE STAGIAIRE AURA A  Rédiger des actes juridiques  rédiger des conventions faire des significa..."
STAGIAIRE GUICHETIERE,https://www.agenceemploijeunes.ci/site/offres-emplois/43792,10 01 2025,22 01 2025,DALOA,"SOUS LA CONDUITE DU MAITRE DE STAGE,LE STAGIAIRE AURA A  Rédiger des actes juridiques  rédiger des conventions faire des significa..."
STAGIAIRE RECEPTIONNISTE,https://www.agenceemploijeunes.ci/site/offres-emplois/43791,10 01 2025,22 01 2025,DALOA,"SOUS LA CONDUITE DU MAITRE DE STAGE,LE STAGIAIRE AURA A  Rédiger des actes juridiques  rédiger des conventions faire des significa..."
STAGIAIRES BOULANGERS,https://www.agenceemploijeunes.ci/site/offres-emplois/43790,10 01 2025,22 01 2025,DALOA LA V.,"SOUS LA CONDUITE DU MAITRE DE STAGE,LES STAGIAIRES AURONT A fabriquer les produits de boulangerie  proposer de nouveaux produits ..."
STAGIAIRE GUICHETIERE,https://www.agenceemploijeunes.ci/site/offres-emplois/43789,10 01 2025,22 01 2025,DALOA LA V.,"SOUS LA CONDUITE DU MAITRE DE STAGE,LES STAGIAIRES AURONT A fabriquer les produits de boulangerie  proposer de nouveaux produits ..."
STAGIAIRE GUICHETIERE,https://www.agenceemploijeunes.ci/site/offres-emplois/43788,10 01 2025,22 01 2025,DALOA LA V.,"SOUS LA CONDUITE DU MAITRE DE STAGE,LES STAGIAIRES AURONT A fabriquer les produits de boulangerie  proposer de nouveaux produits ..."
Assistant,https://www.agenceemploijeunes.ci/site/offres-emplois/43781,10 01 2025,22 01 2025,DALOA LA V.,"SOUS LA CONDUITE DU MAITRE DE STAGE,LES STAGIAIRES AURONT A fabriquer les produits de boulangerie  proposer de nouveaux produits ..."
Auxiliaire de santé,https://www.agenceemploijeunes.ci/site/offres-emplois/43780,10 01 2025,22 01 2025,DALOA LA V.,"SOUS LA CONDUITE DU MAITRE DE STAGE,LES STAGIAIRES AURONT A fabriquer les produits de boulangerie  proposer de nouveaux produits ..."
Technicien Agricole,https://www.agenceemploijeunes.ci/site/offres-emplois/43779,10 01 2025,22 01 2025,DALOA LA V.,"SOUS LA CONDUITE DU MAITRE DE STAGE,LES STAGIAIRES AURONT A fabriquer les produits de boulangerie  proposer de nouveaux produits ..."
Assistant ressources humaines,https://www.agenceemploijeunes.ci/site/offres-emplois/43778,10 01 2025,22 01 2025,DALOA LA V.,"SOUS LA CONDUITE DU MAITRE DE STAGE,LES STAGIAIRES AURONT A fabriquer les produits de boulangerie  proposer de nouveaux produits ..."
STAGIAIRE CUISINIERE,https://www.agenceemploijeunes.ci/site/offres-emplois/43777,10 01 2025,22 01 2025,DALOA LA V.,"SOUS LA CONDUITE DU MAITRE DE STAGE,LES STAGIAIRES AURONT A fabriquer les produits de boulangerie  proposer de nouveaux produits ..."
STAGIAIRE SERVEUR,https://www.agenceemploijeunes.ci/site/offres-emplois/43774,10 01 2025,22 01 2025,DALOA LA V.,"SOUS LA CONDUITE DU MAITRE DE STAGE,LES STAGIAIRES AURONT A fabriquer les produits de boulangerie  proposer de nouveaux produits ..."
MANOEUVRE AGRICOLE,https://www.agenceemploijeunes.ci/site/offres-emplois/43768,10 01 2025,22 01 2025,DALOA LA V.,"SOUS LA CONDUITE DU MAITRE DE STAGE,LES STAGIAIRES AURONT A fabriquer les produits de boulangerie  proposer de nouveaux produits ..."
INGENIEUR BTP,https://www.agenceemploijeunes.ci/site/offres-emplois/43763,13 01 2025,23 01 2025,COCODY ANG.,- IL EST RESPONSABLE  DE LA CONCEPTION DE LA PLANIFICATION ET DE LA SUPERVISION DES PROJETS DE CONSTRUCTION  - IL VEILLE A CE QUE LES PRO...
GESTIONNAIRE DE STOCK,https://www.agenceemploijeunes.ci/site/offres-emplois/43760,13 01 2025,23 01 2025,COCODY ANG.,- IL EST RESPONSABLE  DE LA CONCEPTION DE LA PLANIFICATION ET DE LA SUPERVISION DES PROJETS DE CONSTRUCTION  - IL VEILLE A CE QUE LES PRO...
TECHNICO COMMERCIAL ENROLEUR,https://www.agenceemploijeunes.ci/site/offres-emplois/43758,13 01 2025,23 01 2025,COCODY ANG.,- IL EST RESPONSABLE  DE LA CONCEPTION DE LA PLANIFICATION ET DE LA SUPERVISION DES PROJETS DE CONSTRUCTION  - IL VEILLE A CE QUE LES PRO...
STAGIAIRE COMMERCIAL,https://www.agenceemploijeunes.ci/site/offres-emplois/43753,13 01 2025,23 01 2025,COCODY ANG.,- IL EST RESPONSABLE  DE LA CONCEPTION DE LA PLANIFICATION ET DE LA SUPERVISION DES PROJETS DE CONSTRUCTION  - IL VEILLE A CE QUE LES PRO...
CHAUFFEUR,https://www.agenceemploijeunes.ci/site/offres-emplois/43752,13 01 2025,23 01 2025,COCODY ANG.,- IL EST RESPONSABLE  DE LA CONCEPTION DE LA PLANIFICATION ET DE LA SUPERVISION DES PROJETS DE CONSTRUCTION  - IL VEILLE A CE QUE LES PRO...
DIRECTEUR MARKETING ET COMMERCIAL,https://www.agenceemploijeunes.ci/site/offres-emplois/43738,13 01 2025,23 01 2025,COCODY ANG.,- IL EST RESPONSABLE  DE LA CONCEPTION DE LA PLANIFICATION ET DE LA SUPERVISION DES PROJETS DE CONSTRUCTION  - IL VEILLE A CE QUE LES PRO...
STAGIAIRE MARKETING,https://www.agenceemploijeunes.ci/site/offres-emplois/43486,13 01 2025,23 01 2025,COCODY ANG.,- IL EST RESPONSABLE  DE LA CONCEPTION DE LA PLANIFICATION ET DE LA SUPERVISION DES PROJETS DE CONSTRUCTION  - IL VEILLE A CE QUE LES PRO...
AGENT COMMERCIAL,https://www.agenceemploijeunes.ci/site/offres-emplois/43485,13 01 2025,23 01 2025,COCODY ANG.,- IL EST RESPONSABLE  DE LA CONCEPTION DE LA PLANIFICATION ET DE LA SUPERVISION DES PROJETS DE CONSTRUCTION  - IL VEILLE A CE QUE LES PRO...
AGENT DE RECOUVREMENT,https://www.agenceemploijeunes.ci/site/offres-emplois/43484,13 01 2025,23 01 2025,COCODY ANG.,- IL EST RESPONSABLE  DE LA CONCEPTION DE LA PLANIFICATION ET DE LA SUPERVISION DES PROJETS DE CONSTRUCTION  - IL VEILLE A CE QUE LES PRO...
SELECTION DE 500 JEUNES DANS LE CADRE DES TRAVAUX A HAUTE INTENSITE DE MAIN D’ŒUVRE (THIMO),https://www.agenceemploijeunes.ci/site/offres-emplois/43433,13 01 2025,23 01 2025,COCODY ANG.,- IL EST RESPONSABLE  DE LA CONCEPTION DE LA PLANIFICATION ET DE LA SUPERVISION DES PROJETS DE CONSTRUCTION  - IL VEILLE A CE QUE LES PRO...
CUISINE,https://www.agenceemploijeunes.ci/site/offres-emplois/43420,02 12 2024,30 01 2025,II PLATEAU.,ENTRETIEN CUISINE  AIDE A LA CONFESSION DES PLATS  MISE EN PLACE  AIDE AUX INVENTAIRES
SERVICE RESTAURATION,https://www.agenceemploijeunes.ci/site/offres-emplois/43418,02 12 2024,30 01 2025,II PLATEAU.,ENTRETIEN CUISINE  AIDE A LA CONFESSION DES PLATS  MISE EN PLACE  AIDE AUX INVENTAIRES
STAGIAIRE AIDE CUISINIER,https://www.agenceemploijeunes.ci/site/offres-emplois/43281,02 12 2024,30 01 2025,II PLATEAU.,ENTRETIEN CUISINE  AIDE A LA CONFESSION DES PLATS  MISE EN PLACE  AIDE AUX INVENTAIRES
STAGIARE ASSISTANAT DE DIRECTION,https://www.agenceemploijeunes.ci/site/offres-emplois/43193,02 12 2024,30 01 2025,II PLATEAU.,ENTRETIEN CUISINE  AIDE A LA CONFESSION DES PLATS  MISE EN PLACE  AIDE AUX INVENTAIRES
STAGIAIRE CAISSIERE,https://www.agenceemploijeunes.ci/site/offres-emplois/42937,02 12 2024,30 01 2025,II PLATEAU.,ENTRETIEN CUISINE  AIDE A LA CONFESSION DES PLATS  MISE EN PLACE  AIDE AUX INVENTAIRES
AIDE SOIGNANTE,https://www.agenceemploijeunes.ci/site/offres-emplois/42934,02 12 2024,30 01 2025,II PLATEAU.,ENTRETIEN CUISINE  AIDE A LA CONFESSION DES PLATS  MISE EN PLACE  AIDE AUX INVENTAIRES
STAGIAIRE TECHNICO -COMMERCIAL,https://www.agenceemploijeunes.ci/site/offres-emplois/42616,02 12 2024,30 01 2025,II PLATEAU.,ENTRETIEN CUISINE  AIDE A LA CONFESSION DES PLATS  MISE EN PLACE  AIDE AUX INVENTAIRES
Employé Polyvalent Stagiaire,https://www.agenceemploijeunes.ci/site/offres-emplois/42020,02 12 2024,30 01 2025,II PLATEAU.,ENTRETIEN CUISINE  AIDE A LA CONFESSION DES PLATS  MISE EN PLACE  AIDE AUX INVENTAIRES
STAGIAIRE COMMERCIAL,https://www.agenceemploijeunes.ci/site/offres-emplois/41494,02 12 2024,30 01 2025,II PLATEAU.,ENTRETIEN CUISINE  AIDE A LA CONFESSION DES PLATS  MISE EN PLACE  AIDE AUX INVENTAIRES
COMMERCIAL,https://www.agenceemploijeunes.ci/site/offres-emplois/41493,02 12 2024,30 01 2025,II PLATEAU.,ENTRETIEN CUISINE  AIDE A LA CONFESSION DES PLATS  MISE EN PLACE  AIDE AUX INVENTAIRES
